[2025-05-19 18:58:50] local.ERROR: SQLSTATE[HY000] [1049] Unknown database 'game_publisher' (Connection: mysql, SQL: select `nama_game` from `games` order by RAND() limit 1) {"view":{"view":"/srv/www/htdocs/laravel10/cavely-stable/resources/views/frontend/v_beranda/index.blade.php","data":[]},"exception":"[object] (Spatie\\LaravelIgnition\\Exceptions\\ViewException(code: 0): SQLSTATE[HY000] [1049] Unknown database 'game_publisher' (Connection: mysql, SQL: select `nama_game` from `games` order by RAND() limit 1) at /srv/www/htdocs/laravel10/cavely-stable/vendor/laravel/framework/src/Illuminate/Database/Connection.php:829)
[stacktrace]
#0 /srv/www/htdocs/laravel10/cavely-stable/vendor/laravel/framework/src/Illuminate/Database/Connection.php(783): Illuminate\\Database\\Connection->runQueryCallback()
#1 /srv/www/htdocs/laravel10/cavely-stable/vendor/laravel/framework/src/Illuminate/Database/Connection.php(414): Illuminate\\Database\\Connection->run()
#2 /srv/www/htdocs/laravel10/cavely-stable/vendor/laravel/framework/src/Illuminate/Database/Query/Builder.php(2913): Illuminate\\Database\\Connection->select()
#3 /srv/www/htdocs/laravel10/cavely-stable/vendor/laravel/framework/src/Illuminate/Database/Query/Builder.php(2902): Illuminate\\Database\\Query\\Builder->runSelect()
#4 /srv/www/htdocs/laravel10/cavely-stable/vendor/laravel/framework/src/Illuminate/Database/Query/Builder.php(3456): Illuminate\\Database\\Query\\Builder->{closure:Illuminate\\Database\\Query\\Builder::get():2901}()
#5 /srv/www/htdocs/laravel10/cavely-stable/vendor/laravel/framework/src/Illuminate/Database/Query/Builder.php(2901): Illuminate\\Database\\Query\\Builder->onceWithColumns()
#6 /srv/www/htdocs/laravel10/cavely-stable/vendor/laravel/framework/src/Illuminate/Database/Concerns/BuildsQueries.php(333): Illuminate\\Database\\Query\\Builder->get()
#7 /srv/www/htdocs/laravel10/cavely-stable/vendor/laravel/framework/src/Illuminate/Database/Query/Builder.php(2858): Illuminate\\Database\\Query\\Builder->first()
#8 /srv/www/htdocs/laravel10/cavely-stable/resources/views/frontend/v_beranda/index.blade.php(15): Illuminate\\Database\\Query\\Builder->value()
#9 /srv/www/htdocs/laravel10/cavely-stable/vendor/laravel/framework/src/Illuminate/Filesystem/Filesystem.php(123): require('...')
#10 /srv/www/htdocs/laravel10/cavely-stable/vendor/laravel/framework/src/Illuminate/Filesystem/Filesystem.php(124): Illuminate\\Filesystem\\Filesystem::{closure:Illuminate\\Filesystem\\Filesystem::getRequire():120}()
#11 /srv/www/htdocs/laravel10/cavely-stable/vendor/laravel/framework/src/Illuminate/View/Engines/PhpEngine.php(58): Illuminate\\Filesystem\\Filesystem->getRequire()
#12 /srv/www/htdocs/laravel10/cavely-stable/vendor/laravel/framework/src/Illuminate/View/Engines/CompilerEngine.php(72): Illuminate\\View\\Engines\\PhpEngine->evaluatePath()
#13 /srv/www/htdocs/laravel10/cavely-stable/vendor/laravel/framework/src/Illuminate/View/View.php(207): Illuminate\\View\\Engines\\CompilerEngine->get()
#14 /srv/www/htdocs/laravel10/cavely-stable/vendor/laravel/framework/src/Illuminate/View/View.php(190): Illuminate\\View\\View->getContents()
#15 /srv/www/htdocs/laravel10/cavely-stable/vendor/laravel/framework/src/Illuminate/View/View.php(159): Illuminate\\View\\View->renderContents()
#16 /srv/www/htdocs/laravel10/cavely-stable/vendor/laravel/framework/src/Illuminate/Http/Response.php(69): Illuminate\\View\\View->render()
#17 /srv/www/htdocs/laravel10/cavely-stable/vendor/laravel/framework/src/Illuminate/Http/Response.php(35): Illuminate\\Http\\Response->setContent()
#18 /srv/www/htdocs/laravel10/cavely-stable/vendor/laravel/framework/src/Illuminate/Routing/Router.php(918): Illuminate\\Http\\Response->__construct()
#19 /srv/www/htdocs/laravel10/cavely-stable/vendor/laravel/framework/src/Illuminate/Routing/Router.php(885): Illuminate\\Routing\\Router::toResponse()
#20 /srv/www/htdocs/laravel10/cavely-stable/vendor/laravel/framework/src/Illuminate/Routing/Router.php(805): Illuminate\\Routing\\Router->prepareResponse()
#21 /srv/www/htdocs/laravel10/cavely-stable/vendor/laravel/framework/src/Illuminate/Pipeline/Pipeline.php(144): Illuminate\\Routing\\Router->{closure:Illuminate\\Routing\\Router::runRouteWithinStack():805}()
#22 /srv/www/htdocs/laravel10/cavely-stable/vendor/laravel/framework/src/Illuminate/Routing/Middleware/SubstituteBindings.php(50): Illuminate\\Pipeline\\Pipeline->{closure:Illuminate\\Pipeline\\Pipeline::prepareDestination():142}()
#23 /srv/www/htdocs/laravel10/cavely-stable/vendor/laravel/framework/src/Illuminate/Pipeline/Pipeline.php(183): Illuminate\\Routing\\Middleware\\SubstituteBindings->handle()
#24 /srv/www/htdocs/laravel10/cavely-stable/vendor/laravel/framework/src/Illuminate/Foundation/Http/Middleware/VerifyCsrfToken.php(78): Illuminate\\Pipeline\\Pipeline->{closure:{closure:Illuminate\\Pipeline\\Pipeline::carry():158}:159}()
#25 /srv/www/htdocs/laravel10/cavely-stable/vendor/laravel/framework/src/Illuminate/Pipeline/Pipeline.php(183): Illuminate\\Foundation\\Http\\Middleware\\VerifyCsrfToken->handle()
#26 /srv/www/htdocs/laravel10/cavely-stable/vendor/laravel/framework/src/Illuminate/View/Middleware/ShareErrorsFromSession.php(49): Illuminate\\Pipeline\\Pipeline->{closure:{closure:Illuminate\\Pipeline\\Pipeline::carry():158}:159}()
#27 /srv/www/htdocs/laravel10/cavely-stable/vendor/laravel/framework/src/Illuminate/Pipeline/Pipeline.php(183): Illuminate\\View\\Middleware\\ShareErrorsFromSession->handle()
#28 /srv/www/htdocs/laravel10/cavely-stable/vendor/laravel/framework/src/Illuminate/Session/Middleware/StartSession.php(121): Illuminate\\Pipeline\\Pipeline->{closure:{closure:Illuminate\\Pipeline\\Pipeline::carry():158}:159}()
#29 /srv/www/htdocs/laravel10/cavely-stable/vendor/laravel/framework/src/Illuminate/Session/Middleware/StartSession.php(64): Illuminate\\Session\\Middleware\\StartSession->handleStatefulRequest()
#30 /srv/www/htdocs/laravel10/cavely-stable/vendor/laravel/framework/src/Illuminate/Pipeline/Pipeline.php(183): Illuminate\\Session\\Middleware\\StartSession->handle()
#31 /srv/www/htdocs/laravel10/cavely-stable/vendor/laravel/framework/src/Illuminate/Cookie/Middleware/AddQueuedCookiesToResponse.php(37): Illuminate\\Pipeline\\Pipeline->{closure:{closure:Illuminate\\Pipeline\\Pipeline::carry():158}:159}()
#32 /srv/www/htdocs/laravel10/cavely-stable/vendor/laravel/framework/src/Illuminate/Pipeline/Pipeline.php(183): Illuminate\\Cookie\\Middleware\\AddQueuedCookiesToResponse->handle()
#33 /srv/www/htdocs/laravel10/cavely-stable/vendor/laravel/framework/src/Illuminate/Cookie/Middleware/EncryptCookies.php(67): Illuminate\\Pipeline\\Pipeline->{closure:{closure:Illuminate\\Pipeline\\Pipeline::carry():158}:159}()
#34 /srv/www/htdocs/laravel10/cavely-stable/vendor/laravel/framework/src/Illuminate/Pipeline/Pipeline.php(183): Illuminate\\Cookie\\Middleware\\EncryptCookies->handle()
#35 /srv/www/htdocs/laravel10/cavely-stable/vendor/laravel/framework/src/Illuminate/Pipeline/Pipeline.php(119): Illuminate\\Pipeline\\Pipeline->{closure:{closure:Illuminate\\Pipeline\\Pipeline::carry():158}:159}()
#36 /srv/www/htdocs/laravel10/cavely-stable/vendor/laravel/framework/src/Illuminate/Routing/Router.php(805): Illuminate\\Pipeline\\Pipeline->then()
#37 /srv/www/htdocs/laravel10/cavely-stable/vendor/laravel/framework/src/Illuminate/Routing/Router.php(784): Illuminate\\Routing\\Router->runRouteWithinStack()
#38 /srv/www/htdocs/laravel10/cavely-stable/vendor/laravel/framework/src/Illuminate/Routing/Router.php(748): Illuminate\\Routing\\Router->runRoute()
#39 /srv/www/htdocs/laravel10/cavely-stable/vendor/laravel/framework/src/Illuminate/Routing/Router.php(737): Illuminate\\Routing\\Router->dispatchToRoute()
#40 /srv/www/htdocs/laravel10/cavely-stable/vendor/laravel/framework/src/Illuminate/Foundation/Http/Kernel.php(200): Illuminate\\Routing\\Router->dispatch()
#41 /srv/www/htdocs/laravel10/cavely-stable/vendor/laravel/framework/src/Illuminate/Pipeline/Pipeline.php(144): Illuminate\\Foundation\\Http\\Kernel->{closure:Illuminate\\Foundation\\Http\\Kernel::dispatchToRouter():197}()
#42 /srv/www/htdocs/laravel10/cavely-stable/vendor/laravel/framework/src/Illuminate/Foundation/Http/Middleware/TransformsRequest.php(21): Illuminate\\Pipeline\\Pipeline->{closure:Illuminate\\Pipeline\\Pipeline::prepareDestination():142}()
#43 /srv/www/htdocs/laravel10/cavely-stable/vendor/laravel/framework/src/Illuminate/Foundation/Http/Middleware/ConvertEmptyStringsToNull.php(31): Illuminate\\Foundation\\Http\\Middleware\\TransformsRequest->handle()
#44 /srv/www/htdocs/laravel10/cavely-stable/vendor/laravel/framework/src/Illuminate/Pipeline/Pipeline.php(183): Illuminate\\Foundation\\Http\\Middleware\\ConvertEmptyStringsToNull->handle()
#45 /srv/www/htdocs/laravel10/cavely-stable/vendor/laravel/framework/src/Illuminate/Foundation/Http/Middleware/TransformsRequest.php(21): Illuminate\\Pipeline\\Pipeline->{closure:{closure:Illuminate\\Pipeline\\Pipeline::carry():158}:159}()
#46 /srv/www/htdocs/laravel10/cavely-stable/vendor/laravel/framework/src/Illuminate/Foundation/Http/Middleware/TrimStrings.php(40): Illuminate\\Foundation\\Http\\Middleware\\TransformsRequest->handle()
#47 /srv/www/htdocs/laravel10/cavely-stable/vendor/laravel/framework/src/Illuminate/Pipeline/Pipeline.php(183): Illuminate\\Foundation\\Http\\Middleware\\TrimStrings->handle()
#48 /srv/www/htdocs/laravel10/cavely-stable/vendor/laravel/framework/src/Illuminate/Foundation/Http/Middleware/ValidatePostSize.php(27): Illuminate\\Pipeline\\Pipeline->{closure:{closure:Illuminate\\Pipeline\\Pipeline::carry():158}:159}()
#49 /srv/www/htdocs/laravel10/cavely-stable/vendor/laravel/framework/src/Illuminate/Pipeline/Pipeline.php(183): Illuminate\\Foundation\\Http\\Middleware\\ValidatePostSize->handle()
#50 /srv/www/htdocs/laravel10/cavely-stable/vendor/laravel/framework/src/Illuminate/Foundation/Http/Middleware/PreventRequestsDuringMaintenance.php(99): Illuminate\\Pipeline\\Pipeline->{closure:{closure:Illuminate\\Pipeline\\Pipeline::carry():158}:159}()
#51 /srv/www/htdocs/laravel10/cavely-stable/vendor/laravel/framework/src/Illuminate/Pipeline/Pipeline.php(183): Illuminate\\Foundation\\Http\\Middleware\\PreventRequestsDuringMaintenance->handle()
#52 /srv/www/htdocs/laravel10/cavely-stable/vendor/laravel/framework/src/Illuminate/Http/Middleware/HandleCors.php(49): Illuminate\\Pipeline\\Pipeline->{closure:{closure:Illuminate\\Pipeline\\Pipeline::carry():158}:159}()
#53 /srv/www/htdocs/laravel10/cavely-stable/vendor/laravel/framework/src/Illuminate/Pipeline/Pipeline.php(183): Illuminate\\Http\\Middleware\\HandleCors->handle()
#54 /srv/www/htdocs/laravel10/cavely-stable/vendor/laravel/framework/src/Illuminate/Http/Middleware/TrustProxies.php(39): Illuminate\\Pipeline\\Pipeline->{closure:{closure:Illuminate\\Pipeline\\Pipeline::carry():158}:159}()
#55 /srv/www/htdocs/laravel10/cavely-stable/vendor/laravel/framework/src/Illuminate/Pipeline/Pipeline.php(183): Illuminate\\Http\\Middleware\\TrustProxies->handle()
#56 /srv/www/htdocs/laravel10/cavely-stable/vendor/laravel/framework/src/Illuminate/Pipeline/Pipeline.php(119): Illuminate\\Pipeline\\Pipeline->{closure:{closure:Illuminate\\Pipeline\\Pipeline::carry():158}:159}()
#57 /srv/www/htdocs/laravel10/cavely-stable/vendor/laravel/framework/src/Illuminate/Foundation/Http/Kernel.php(175): Illuminate\\Pipeline\\Pipeline->then()
#58 /srv/www/htdocs/laravel10/cavely-stable/vendor/laravel/framework/src/Illuminate/Foundation/Http/Kernel.php(144): Illuminate\\Foundation\\Http\\Kernel->sendRequestThroughRouter()
#59 /srv/www/htdocs/laravel10/cavely-stable/public/index.php(51): Illuminate\\Foundation\\Http\\Kernel->handle()
#60 /srv/www/htdocs/laravel10/cavely-stable/vendor/laravel/framework/src/Illuminate/Foundation/resources/server.php(16): require_once('...')
#61 {main}

[previous exception] [object] (Illuminate\\Database\\QueryException(code: 1049): SQLSTATE[HY000] [1049] Unknown database 'game_publisher' (Connection: mysql, SQL: select `nama_game` from `games` order by RAND() limit 1) at /srv/www/htdocs/laravel10/cavely-stable/vendor/laravel/framework/src/Illuminate/Database/Connection.php:829)
[stacktrace]
#0 /srv/www/htdocs/laravel10/cavely-stable/vendor/laravel/framework/src/Illuminate/Database/Connection.php(783): Illuminate\\Database\\Connection->runQueryCallback()
#1 /srv/www/htdocs/laravel10/cavely-stable/vendor/laravel/framework/src/Illuminate/Database/Connection.php(414): Illuminate\\Database\\Connection->run()
#2 /srv/www/htdocs/laravel10/cavely-stable/vendor/laravel/framework/src/Illuminate/Database/Query/Builder.php(2913): Illuminate\\Database\\Connection->select()
#3 /srv/www/htdocs/laravel10/cavely-stable/vendor/laravel/framework/src/Illuminate/Database/Query/Builder.php(2902): Illuminate\\Database\\Query\\Builder->runSelect()
#4 /srv/www/htdocs/laravel10/cavely-stable/vendor/laravel/framework/src/Illuminate/Database/Query/Builder.php(3456): Illuminate\\Database\\Query\\Builder->{closure:Illuminate\\Database\\Query\\Builder::get():2901}()
#5 /srv/www/htdocs/laravel10/cavely-stable/vendor/laravel/framework/src/Illuminate/Database/Query/Builder.php(2901): Illuminate\\Database\\Query\\Builder->onceWithColumns()
#6 /srv/www/htdocs/laravel10/cavely-stable/vendor/laravel/framework/src/Illuminate/Database/Concerns/BuildsQueries.php(333): Illuminate\\Database\\Query\\Builder->get()
#7 /srv/www/htdocs/laravel10/cavely-stable/vendor/laravel/framework/src/Illuminate/Database/Query/Builder.php(2858): Illuminate\\Database\\Query\\Builder->first()
#8 /srv/www/htdocs/laravel10/cavely-stable/storage/framework/views/2b8263fe07ac1829c24f5afd63011e35.php(13): Illuminate\\Database\\Query\\Builder->value()
#9 /srv/www/htdocs/laravel10/cavely-stable/vendor/laravel/framework/src/Illuminate/Filesystem/Filesystem.php(123): require('...')
#10 /srv/www/htdocs/laravel10/cavely-stable/vendor/laravel/framework/src/Illuminate/Filesystem/Filesystem.php(124): Illuminate\\Filesystem\\Filesystem::{closure:Illuminate\\Filesystem\\Filesystem::getRequire():120}()
#11 /srv/www/htdocs/laravel10/cavely-stable/vendor/laravel/framework/src/Illuminate/View/Engines/PhpEngine.php(58): Illuminate\\Filesystem\\Filesystem->getRequire()
#12 /srv/www/htdocs/laravel10/cavely-stable/vendor/laravel/framework/src/Illuminate/View/Engines/CompilerEngine.php(72): Illuminate\\View\\Engines\\PhpEngine->evaluatePath()
#13 /srv/www/htdocs/laravel10/cavely-stable/vendor/laravel/framework/src/Illuminate/View/View.php(207): Illuminate\\View\\Engines\\CompilerEngine->get()
#14 /srv/www/htdocs/laravel10/cavely-stable/vendor/laravel/framework/src/Illuminate/View/View.php(190): Illuminate\\View\\View->getContents()
#15 /srv/www/htdocs/laravel10/cavely-stable/vendor/laravel/framework/src/Illuminate/View/View.php(159): Illuminate\\View\\View->renderContents()
#16 /srv/www/htdocs/laravel10/cavely-stable/vendor/laravel/framework/src/Illuminate/Http/Response.php(69): Illuminate\\View\\View->render()
#17 /srv/www/htdocs/laravel10/cavely-stable/vendor/laravel/framework/src/Illuminate/Http/Response.php(35): Illuminate\\Http\\Response->setContent()
#18 /srv/www/htdocs/laravel10/cavely-stable/vendor/laravel/framework/src/Illuminate/Routing/Router.php(918): Illuminate\\Http\\Response->__construct()
#19 /srv/www/htdocs/laravel10/cavely-stable/vendor/laravel/framework/src/Illuminate/Routing/Router.php(885): Illuminate\\Routing\\Router::toResponse()
#20 /srv/www/htdocs/laravel10/cavely-stable/vendor/laravel/framework/src/Illuminate/Routing/Router.php(805): Illuminate\\Routing\\Router->prepareResponse()
#21 /srv/www/htdocs/laravel10/cavely-stable/vendor/laravel/framework/src/Illuminate/Pipeline/Pipeline.php(144): Illuminate\\Routing\\Router->{closure:Illuminate\\Routing\\Router::runRouteWithinStack():805}()
#22 /srv/www/htdocs/laravel10/cavely-stable/vendor/laravel/framework/src/Illuminate/Routing/Middleware/SubstituteBindings.php(50): Illuminate\\Pipeline\\Pipeline->{closure:Illuminate\\Pipeline\\Pipeline::prepareDestination():142}()
#23 /srv/www/htdocs/laravel10/cavely-stable/vendor/laravel/framework/src/Illuminate/Pipeline/Pipeline.php(183): Illuminate\\Routing\\Middleware\\SubstituteBindings->handle()
#24 /srv/www/htdocs/laravel10/cavely-stable/vendor/laravel/framework/src/Illuminate/Foundation/Http/Middleware/VerifyCsrfToken.php(78): Illuminate\\Pipeline\\Pipeline->{closure:{closure:Illuminate\\Pipeline\\Pipeline::carry():158}:159}()
#25 /srv/www/htdocs/laravel10/cavely-stable/vendor/laravel/framework/src/Illuminate/Pipeline/Pipeline.php(183): Illuminate\\Foundation\\Http\\Middleware\\VerifyCsrfToken->handle()
#26 /srv/www/htdocs/laravel10/cavely-stable/vendor/laravel/framework/src/Illuminate/View/Middleware/ShareErrorsFromSession.php(49): Illuminate\\Pipeline\\Pipeline->{closure:{closure:Illuminate\\Pipeline\\Pipeline::carry():158}:159}()
#27 /srv/www/htdocs/laravel10/cavely-stable/vendor/laravel/framework/src/Illuminate/Pipeline/Pipeline.php(183): Illuminate\\View\\Middleware\\ShareErrorsFromSession->handle()
#28 /srv/www/htdocs/laravel10/cavely-stable/vendor/laravel/framework/src/Illuminate/Session/Middleware/StartSession.php(121): Illuminate\\Pipeline\\Pipeline->{closure:{closure:Illuminate\\Pipeline\\Pipeline::carry():158}:159}()
#29 /srv/www/htdocs/laravel10/cavely-stable/vendor/laravel/framework/src/Illuminate/Session/Middleware/StartSession.php(64): Illuminate\\Session\\Middleware\\StartSession->handleStatefulRequest()
#30 /srv/www/htdocs/laravel10/cavely-stable/vendor/laravel/framework/src/Illuminate/Pipeline/Pipeline.php(183): Illuminate\\Session\\Middleware\\StartSession->handle()
#31 /srv/www/htdocs/laravel10/cavely-stable/vendor/laravel/framework/src/Illuminate/Cookie/Middleware/AddQueuedCookiesToResponse.php(37): Illuminate\\Pipeline\\Pipeline->{closure:{closure:Illuminate\\Pipeline\\Pipeline::carry():158}:159}()
#32 /srv/www/htdocs/laravel10/cavely-stable/vendor/laravel/framework/src/Illuminate/Pipeline/Pipeline.php(183): Illuminate\\Cookie\\Middleware\\AddQueuedCookiesToResponse->handle()
#33 /srv/www/htdocs/laravel10/cavely-stable/vendor/laravel/framework/src/Illuminate/Cookie/Middleware/EncryptCookies.php(67): Illuminate\\Pipeline\\Pipeline->{closure:{closure:Illuminate\\Pipeline\\Pipeline::carry():158}:159}()
#34 /srv/www/htdocs/laravel10/cavely-stable/vendor/laravel/framework/src/Illuminate/Pipeline/Pipeline.php(183): Illuminate\\Cookie\\Middleware\\EncryptCookies->handle()
#35 /srv/www/htdocs/laravel10/cavely-stable/vendor/laravel/framework/src/Illuminate/Pipeline/Pipeline.php(119): Illuminate\\Pipeline\\Pipeline->{closure:{closure:Illuminate\\Pipeline\\Pipeline::carry():158}:159}()
#36 /srv/www/htdocs/laravel10/cavely-stable/vendor/laravel/framework/src/Illuminate/Routing/Router.php(805): Illuminate\\Pipeline\\Pipeline->then()
#37 /srv/www/htdocs/laravel10/cavely-stable/vendor/laravel/framework/src/Illuminate/Routing/Router.php(784): Illuminate\\Routing\\Router->runRouteWithinStack()
#38 /srv/www/htdocs/laravel10/cavely-stable/vendor/laravel/framework/src/Illuminate/Routing/Router.php(748): Illuminate\\Routing\\Router->runRoute()
#39 /srv/www/htdocs/laravel10/cavely-stable/vendor/laravel/framework/src/Illuminate/Routing/Router.php(737): Illuminate\\Routing\\Router->dispatchToRoute()
#40 /srv/www/htdocs/laravel10/cavely-stable/vendor/laravel/framework/src/Illuminate/Foundation/Http/Kernel.php(200): Illuminate\\Routing\\Router->dispatch()
#41 /srv/www/htdocs/laravel10/cavely-stable/vendor/laravel/framework/src/Illuminate/Pipeline/Pipeline.php(144): Illuminate\\Foundation\\Http\\Kernel->{closure:Illuminate\\Foundation\\Http\\Kernel::dispatchToRouter():197}()
#42 /srv/www/htdocs/laravel10/cavely-stable/vendor/laravel/framework/src/Illuminate/Foundation/Http/Middleware/TransformsRequest.php(21): Illuminate\\Pipeline\\Pipeline->{closure:Illuminate\\Pipeline\\Pipeline::prepareDestination():142}()
#43 /srv/www/htdocs/laravel10/cavely-stable/vendor/laravel/framework/src/Illuminate/Foundation/Http/Middleware/ConvertEmptyStringsToNull.php(31): Illuminate\\Foundation\\Http\\Middleware\\TransformsRequest->handle()
#44 /srv/www/htdocs/laravel10/cavely-stable/vendor/laravel/framework/src/Illuminate/Pipeline/Pipeline.php(183): Illuminate\\Foundation\\Http\\Middleware\\ConvertEmptyStringsToNull->handle()
#45 /srv/www/htdocs/laravel10/cavely-stable/vendor/laravel/framework/src/Illuminate/Foundation/Http/Middleware/TransformsRequest.php(21): Illuminate\\Pipeline\\Pipeline->{closure:{closure:Illuminate\\Pipeline\\Pipeline::carry():158}:159}()
#46 /srv/www/htdocs/laravel10/cavely-stable/vendor/laravel/framework/src/Illuminate/Foundation/Http/Middleware/TrimStrings.php(40): Illuminate\\Foundation\\Http\\Middleware\\TransformsRequest->handle()
#47 /srv/www/htdocs/laravel10/cavely-stable/vendor/laravel/framework/src/Illuminate/Pipeline/Pipeline.php(183): Illuminate\\Foundation\\Http\\Middleware\\TrimStrings->handle()
#48 /srv/www/htdocs/laravel10/cavely-stable/vendor/laravel/framework/src/Illuminate/Foundation/Http/Middleware/ValidatePostSize.php(27): Illuminate\\Pipeline\\Pipeline->{closure:{closure:Illuminate\\Pipeline\\Pipeline::carry():158}:159}()
#49 /srv/www/htdocs/laravel10/cavely-stable/vendor/laravel/framework/src/Illuminate/Pipeline/Pipeline.php(183): Illuminate\\Foundation\\Http\\Middleware\\ValidatePostSize->handle()
#50 /srv/www/htdocs/laravel10/cavely-stable/vendor/laravel/framework/src/Illuminate/Foundation/Http/Middleware/PreventRequestsDuringMaintenance.php(99): Illuminate\\Pipeline\\Pipeline->{closure:{closure:Illuminate\\Pipeline\\Pipeline::carry():158}:159}()
#51 /srv/www/htdocs/laravel10/cavely-stable/vendor/laravel/framework/src/Illuminate/Pipeline/Pipeline.php(183): Illuminate\\Foundation\\Http\\Middleware\\PreventRequestsDuringMaintenance->handle()
#52 /srv/www/htdocs/laravel10/cavely-stable/vendor/laravel/framework/src/Illuminate/Http/Middleware/HandleCors.php(49): Illuminate\\Pipeline\\Pipeline->{closure:{closure:Illuminate\\Pipeline\\Pipeline::carry():158}:159}()
#53 /srv/www/htdocs/laravel10/cavely-stable/vendor/laravel/framework/src/Illuminate/Pipeline/Pipeline.php(183): Illuminate\\Http\\Middleware\\HandleCors->handle()
#54 /srv/www/htdocs/laravel10/cavely-stable/vendor/laravel/framework/src/Illuminate/Http/Middleware/TrustProxies.php(39): Illuminate\\Pipeline\\Pipeline->{closure:{closure:Illuminate\\Pipeline\\Pipeline::carry():158}:159}()
#55 /srv/www/htdocs/laravel10/cavely-stable/vendor/laravel/framework/src/Illuminate/Pipeline/Pipeline.php(183): Illuminate\\Http\\Middleware\\TrustProxies->handle()
#56 /srv/www/htdocs/laravel10/cavely-stable/vendor/laravel/framework/src/Illuminate/Pipeline/Pipeline.php(119): Illuminate\\Pipeline\\Pipeline->{closure:{closure:Illuminate\\Pipeline\\Pipeline::carry():158}:159}()
#57 /srv/www/htdocs/laravel10/cavely-stable/vendor/laravel/framework/src/Illuminate/Foundation/Http/Kernel.php(175): Illuminate\\Pipeline\\Pipeline->then()
#58 /srv/www/htdocs/laravel10/cavely-stable/vendor/laravel/framework/src/Illuminate/Foundation/Http/Kernel.php(144): Illuminate\\Foundation\\Http\\Kernel->sendRequestThroughRouter()
#59 /srv/www/htdocs/laravel10/cavely-stable/public/index.php(51): Illuminate\\Foundation\\Http\\Kernel->handle()
#60 /srv/www/htdocs/laravel10/cavely-stable/vendor/laravel/framework/src/Illuminate/Foundation/resources/server.php(16): require_once('...')
#61 {main}

[previous exception] [object] (PDOException(code: 1049): SQLSTATE[HY000] [1049] Unknown database 'game_publisher' at /srv/www/htdocs/laravel10/cavely-stable/vendor/laravel/framework/src/Illuminate/Database/Connectors/Connector.php:65)
[stacktrace]
#0 /srv/www/htdocs/laravel10/cavely-stable/vendor/laravel/framework/src/Illuminate/Database/Connectors/Connector.php(65): PDO->__construct()
#1 /srv/www/htdocs/laravel10/cavely-stable/vendor/laravel/framework/src/Illuminate/Database/Connectors/Connector.php(44): Illuminate\\Database\\Connectors\\Connector->createPdoConnection()
#2 /srv/www/htdocs/laravel10/cavely-stable/vendor/laravel/framework/src/Illuminate/Database/Connectors/MySqlConnector.php(24): Illuminate\\Database\\Connectors\\Connector->createConnection()
#3 /srv/www/htdocs/laravel10/cavely-stable/vendor/laravel/framework/src/Illuminate/Database/Connectors/ConnectionFactory.php(184): Illuminate\\Database\\Connectors\\MySqlConnector->connect()
#4 [internal function]: Illuminate\\Database\\Connectors\\ConnectionFactory->{closure:Illuminate\\Database\\Connectors\\ConnectionFactory::createPdoResolverWithHosts():179}()
#5 /srv/www/htdocs/laravel10/cavely-stable/vendor/laravel/framework/src/Illuminate/Database/Connection.php(1339): call_user_func()
#6 /srv/www/htdocs/laravel10/cavely-stable/vendor/laravel/framework/src/Illuminate/Database/Connection.php(1375): Illuminate\\Database\\Connection->getPdo()
#7 /srv/www/htdocs/laravel10/cavely-stable/vendor/laravel/framework/src/Illuminate/Database/Connection.php(528): Illuminate\\Database\\Connection->getReadPdo()
#8 /srv/www/htdocs/laravel10/cavely-stable/vendor/laravel/framework/src/Illuminate/Database/Connection.php(423): Illuminate\\Database\\Connection->getPdoForSelect()
#9 /srv/www/htdocs/laravel10/cavely-stable/vendor/laravel/framework/src/Illuminate/Database/Connection.php(816): Illuminate\\Database\\Connection->{closure:Illuminate\\Database\\Connection::select():414}()
#10 /srv/www/htdocs/laravel10/cavely-stable/vendor/laravel/framework/src/Illuminate/Database/Connection.php(783): Illuminate\\Database\\Connection->runQueryCallback()
#11 /srv/www/htdocs/laravel10/cavely-stable/vendor/laravel/framework/src/Illuminate/Database/Connection.php(414): Illuminate\\Database\\Connection->run()
#12 /srv/www/htdocs/laravel10/cavely-stable/vendor/laravel/framework/src/Illuminate/Database/Query/Builder.php(2913): Illuminate\\Database\\Connection->select()
#13 /srv/www/htdocs/laravel10/cavely-stable/vendor/laravel/framework/src/Illuminate/Database/Query/Builder.php(2902): Illuminate\\Database\\Query\\Builder->runSelect()
#14 /srv/www/htdocs/laravel10/cavely-stable/vendor/laravel/framework/src/Illuminate/Database/Query/Builder.php(3456): Illuminate\\Database\\Query\\Builder->{closure:Illuminate\\Database\\Query\\Builder::get():2901}()
#15 /srv/www/htdocs/laravel10/cavely-stable/vendor/laravel/framework/src/Illuminate/Database/Query/Builder.php(2901): Illuminate\\Database\\Query\\Builder->onceWithColumns()
#16 /srv/www/htdocs/laravel10/cavely-stable/vendor/laravel/framework/src/Illuminate/Database/Concerns/BuildsQueries.php(333): Illuminate\\Database\\Query\\Builder->get()
#17 /srv/www/htdocs/laravel10/cavely-stable/vendor/laravel/framework/src/Illuminate/Database/Query/Builder.php(2858): Illuminate\\Database\\Query\\Builder->first()
#18 /srv/www/htdocs/laravel10/cavely-stable/storage/framework/views/2b8263fe07ac1829c24f5afd63011e35.php(13): Illuminate\\Database\\Query\\Builder->value()
#19 /srv/www/htdocs/laravel10/cavely-stable/vendor/laravel/framework/src/Illuminate/Filesystem/Filesystem.php(123): require('...')
#20 /srv/www/htdocs/laravel10/cavely-stable/vendor/laravel/framework/src/Illuminate/Filesystem/Filesystem.php(124): Illuminate\\Filesystem\\Filesystem::{closure:Illuminate\\Filesystem\\Filesystem::getRequire():120}()
#21 /srv/www/htdocs/laravel10/cavely-stable/vendor/laravel/framework/src/Illuminate/View/Engines/PhpEngine.php(58): Illuminate\\Filesystem\\Filesystem->getRequire()
#22 /srv/www/htdocs/laravel10/cavely-stable/vendor/laravel/framework/src/Illuminate/View/Engines/CompilerEngine.php(72): Illuminate\\View\\Engines\\PhpEngine->evaluatePath()
#23 /srv/www/htdocs/laravel10/cavely-stable/vendor/laravel/framework/src/Illuminate/View/View.php(207): Illuminate\\View\\Engines\\CompilerEngine->get()
#24 /srv/www/htdocs/laravel10/cavely-stable/vendor/laravel/framework/src/Illuminate/View/View.php(190): Illuminate\\View\\View->getContents()
#25 /srv/www/htdocs/laravel10/cavely-stable/vendor/laravel/framework/src/Illuminate/View/View.php(159): Illuminate\\View\\View->renderContents()
#26 /srv/www/htdocs/laravel10/cavely-stable/vendor/laravel/framework/src/Illuminate/Http/Response.php(69): Illuminate\\View\\View->render()
#27 /srv/www/htdocs/laravel10/cavely-stable/vendor/laravel/framework/src/Illuminate/Http/Response.php(35): Illuminate\\Http\\Response->setContent()
#28 /srv/www/htdocs/laravel10/cavely-stable/vendor/laravel/framework/src/Illuminate/Routing/Router.php(918): Illuminate\\Http\\Response->__construct()
#29 /srv/www/htdocs/laravel10/cavely-stable/vendor/laravel/framework/src/Illuminate/Routing/Router.php(885): Illuminate\\Routing\\Router::toResponse()
#30 /srv/www/htdocs/laravel10/cavely-stable/vendor/laravel/framework/src/Illuminate/Routing/Router.php(805): Illuminate\\Routing\\Router->prepareResponse()
#31 /srv/www/htdocs/laravel10/cavely-stable/vendor/laravel/framework/src/Illuminate/Pipeline/Pipeline.php(144): Illuminate\\Routing\\Router->{closure:Illuminate\\Routing\\Router::runRouteWithinStack():805}()
#32 /srv/www/htdocs/laravel10/cavely-stable/vendor/laravel/framework/src/Illuminate/Routing/Middleware/SubstituteBindings.php(50): Illuminate\\Pipeline\\Pipeline->{closure:Illuminate\\Pipeline\\Pipeline::prepareDestination():142}()
#33 /srv/www/htdocs/laravel10/cavely-stable/vendor/laravel/framework/src/Illuminate/Pipeline/Pipeline.php(183): Illuminate\\Routing\\Middleware\\SubstituteBindings->handle()
#34 /srv/www/htdocs/laravel10/cavely-stable/vendor/laravel/framework/src/Illuminate/Foundation/Http/Middleware/VerifyCsrfToken.php(78): Illuminate\\Pipeline\\Pipeline->{closure:{closure:Illuminate\\Pipeline\\Pipeline::carry():158}:159}()
#35 /srv/www/htdocs/laravel10/cavely-stable/vendor/laravel/framework/src/Illuminate/Pipeline/Pipeline.php(183): Illuminate\\Foundation\\Http\\Middleware\\VerifyCsrfToken->handle()
#36 /srv/www/htdocs/laravel10/cavely-stable/vendor/laravel/framework/src/Illuminate/View/Middleware/ShareErrorsFromSession.php(49): Illuminate\\Pipeline\\Pipeline->{closure:{closure:Illuminate\\Pipeline\\Pipeline::carry():158}:159}()
#37 /srv/www/htdocs/laravel10/cavely-stable/vendor/laravel/framework/src/Illuminate/Pipeline/Pipeline.php(183): Illuminate\\View\\Middleware\\ShareErrorsFromSession->handle()
#38 /srv/www/htdocs/laravel10/cavely-stable/vendor/laravel/framework/src/Illuminate/Session/Middleware/StartSession.php(121): Illuminate\\Pipeline\\Pipeline->{closure:{closure:Illuminate\\Pipeline\\Pipeline::carry():158}:159}()
#39 /srv/www/htdocs/laravel10/cavely-stable/vendor/laravel/framework/src/Illuminate/Session/Middleware/StartSession.php(64): Illuminate\\Session\\Middleware\\StartSession->handleStatefulRequest()
#40 /srv/www/htdocs/laravel10/cavely-stable/vendor/laravel/framework/src/Illuminate/Pipeline/Pipeline.php(183): Illuminate\\Session\\Middleware\\StartSession->handle()
#41 /srv/www/htdocs/laravel10/cavely-stable/vendor/laravel/framework/src/Illuminate/Cookie/Middleware/AddQueuedCookiesToResponse.php(37): Illuminate\\Pipeline\\Pipeline->{closure:{closure:Illuminate\\Pipeline\\Pipeline::carry():158}:159}()
#42 /srv/www/htdocs/laravel10/cavely-stable/vendor/laravel/framework/src/Illuminate/Pipeline/Pipeline.php(183): Illuminate\\Cookie\\Middleware\\AddQueuedCookiesToResponse->handle()
#43 /srv/www/htdocs/laravel10/cavely-stable/vendor/laravel/framework/src/Illuminate/Cookie/Middleware/EncryptCookies.php(67): Illuminate\\Pipeline\\Pipeline->{closure:{closure:Illuminate\\Pipeline\\Pipeline::carry():158}:159}()
#44 /srv/www/htdocs/laravel10/cavely-stable/vendor/laravel/framework/src/Illuminate/Pipeline/Pipeline.php(183): Illuminate\\Cookie\\Middleware\\EncryptCookies->handle()
#45 /srv/www/htdocs/laravel10/cavely-stable/vendor/laravel/framework/src/Illuminate/Pipeline/Pipeline.php(119): Illuminate\\Pipeline\\Pipeline->{closure:{closure:Illuminate\\Pipeline\\Pipeline::carry():158}:159}()
#46 /srv/www/htdocs/laravel10/cavely-stable/vendor/laravel/framework/src/Illuminate/Routing/Router.php(805): Illuminate\\Pipeline\\Pipeline->then()
#47 /srv/www/htdocs/laravel10/cavely-stable/vendor/laravel/framework/src/Illuminate/Routing/Router.php(784): Illuminate\\Routing\\Router->runRouteWithinStack()
#48 /srv/www/htdocs/laravel10/cavely-stable/vendor/laravel/framework/src/Illuminate/Routing/Router.php(748): Illuminate\\Routing\\Router->runRoute()
#49 /srv/www/htdocs/laravel10/cavely-stable/vendor/laravel/framework/src/Illuminate/Routing/Router.php(737): Illuminate\\Routing\\Router->dispatchToRoute()
#50 /srv/www/htdocs/laravel10/cavely-stable/vendor/laravel/framework/src/Illuminate/Foundation/Http/Kernel.php(200): Illuminate\\Routing\\Router->dispatch()
#51 /srv/www/htdocs/laravel10/cavely-stable/vendor/laravel/framework/src/Illuminate/Pipeline/Pipeline.php(144): Illuminate\\Foundation\\Http\\Kernel->{closure:Illuminate\\Foundation\\Http\\Kernel::dispatchToRouter():197}()
#52 /srv/www/htdocs/laravel10/cavely-stable/vendor/laravel/framework/src/Illuminate/Foundation/Http/Middleware/TransformsRequest.php(21): Illuminate\\Pipeline\\Pipeline->{closure:Illuminate\\Pipeline\\Pipeline::prepareDestination():142}()
#53 /srv/www/htdocs/laravel10/cavely-stable/vendor/laravel/framework/src/Illuminate/Foundation/Http/Middleware/ConvertEmptyStringsToNull.php(31): Illuminate\\Foundation\\Http\\Middleware\\TransformsRequest->handle()
#54 /srv/www/htdocs/laravel10/cavely-stable/vendor/laravel/framework/src/Illuminate/Pipeline/Pipeline.php(183): Illuminate\\Foundation\\Http\\Middleware\\ConvertEmptyStringsToNull->handle()
#55 /srv/www/htdocs/laravel10/cavely-stable/vendor/laravel/framework/src/Illuminate/Foundation/Http/Middleware/TransformsRequest.php(21): Illuminate\\Pipeline\\Pipeline->{closure:{closure:Illuminate\\Pipeline\\Pipeline::carry():158}:159}()
#56 /srv/www/htdocs/laravel10/cavely-stable/vendor/laravel/framework/src/Illuminate/Foundation/Http/Middleware/TrimStrings.php(40): Illuminate\\Foundation\\Http\\Middleware\\TransformsRequest->handle()
#57 /srv/www/htdocs/laravel10/cavely-stable/vendor/laravel/framework/src/Illuminate/Pipeline/Pipeline.php(183): Illuminate\\Foundation\\Http\\Middleware\\TrimStrings->handle()
#58 /srv/www/htdocs/laravel10/cavely-stable/vendor/laravel/framework/src/Illuminate/Foundation/Http/Middleware/ValidatePostSize.php(27): Illuminate\\Pipeline\\Pipeline->{closure:{closure:Illuminate\\Pipeline\\Pipeline::carry():158}:159}()
#59 /srv/www/htdocs/laravel10/cavely-stable/vendor/laravel/framework/src/Illuminate/Pipeline/Pipeline.php(183): Illuminate\\Foundation\\Http\\Middleware\\ValidatePostSize->handle()
#60 /srv/www/htdocs/laravel10/cavely-stable/vendor/laravel/framework/src/Illuminate/Foundation/Http/Middleware/PreventRequestsDuringMaintenance.php(99): Illuminate\\Pipeline\\Pipeline->{closure:{closure:Illuminate\\Pipeline\\Pipeline::carry():158}:159}()
#61 /srv/www/htdocs/laravel10/cavely-stable/vendor/laravel/framework/src/Illuminate/Pipeline/Pipeline.php(183): Illuminate\\Foundation\\Http\\Middleware\\PreventRequestsDuringMaintenance->handle()
#62 /srv/www/htdocs/laravel10/cavely-stable/vendor/laravel/framework/src/Illuminate/Http/Middleware/HandleCors.php(49): Illuminate\\Pipeline\\Pipeline->{closure:{closure:Illuminate\\Pipeline\\Pipeline::carry():158}:159}()
#63 /srv/www/htdocs/laravel10/cavely-stable/vendor/laravel/framework/src/Illuminate/Pipeline/Pipeline.php(183): Illuminate\\Http\\Middleware\\HandleCors->handle()
#64 /srv/www/htdocs/laravel10/cavely-stable/vendor/laravel/framework/src/Illuminate/Http/Middleware/TrustProxies.php(39): Illuminate\\Pipeline\\Pipeline->{closure:{closure:Illuminate\\Pipeline\\Pipeline::carry():158}:159}()
#65 /srv/www/htdocs/laravel10/cavely-stable/vendor/laravel/framework/src/Illuminate/Pipeline/Pipeline.php(183): Illuminate\\Http\\Middleware\\TrustProxies->handle()
#66 /srv/www/htdocs/laravel10/cavely-stable/vendor/laravel/framework/src/Illuminate/Pipeline/Pipeline.php(119): Illuminate\\Pipeline\\Pipeline->{closure:{closure:Illuminate\\Pipeline\\Pipeline::carry():158}:159}()
#67 /srv/www/htdocs/laravel10/cavely-stable/vendor/laravel/framework/src/Illuminate/Foundation/Http/Kernel.php(175): Illuminate\\Pipeline\\Pipeline->then()
#68 /srv/www/htdocs/laravel10/cavely-stable/vendor/laravel/framework/src/Illuminate/Foundation/Http/Kernel.php(144): Illuminate\\Foundation\\Http\\Kernel->sendRequestThroughRouter()
#69 /srv/www/htdocs/laravel10/cavely-stable/public/index.php(51): Illuminate\\Foundation\\Http\\Kernel->handle()
#70 /srv/www/htdocs/laravel10/cavely-stable/vendor/laravel/framework/src/Illuminate/Foundation/resources/server.php(16): require_once('...')
#71 {main}
"} 
[2025-05-23 10:04:27] local.ERROR: There are no commands defined in the "link" namespace. {"exception":"[object] (Symfony\\Component\\Console\\Exception\\NamespaceNotFoundException(code: 0): There are no commands defined in the \"link\" namespace. at /srv/www/htdocs/laravel10/cavely-stable/vendor/symfony/console/Application.php:669)
[stacktrace]
#0 /srv/www/htdocs/laravel10/cavely-stable/vendor/symfony/console/Application.php(720): Symfony\\Component\\Console\\Application->findNamespace()
#1 /srv/www/htdocs/laravel10/cavely-stable/vendor/symfony/console/Application.php(266): Symfony\\Component\\Console\\Application->find()
#2 /srv/www/htdocs/laravel10/cavely-stable/vendor/symfony/console/Application.php(175): Symfony\\Component\\Console\\Application->doRun()
#3 /srv/www/htdocs/laravel10/cavely-stable/vendor/laravel/framework/src/Illuminate/Foundation/Console/Kernel.php(201): Symfony\\Component\\Console\\Application->run()
#4 /srv/www/htdocs/laravel10/cavely-stable/artisan(35): Illuminate\\Foundation\\Console\\Kernel->handle()
#5 {main}
"} 
[2025-06-07 10:28:18] local.ERROR: There are no commands defined in the "link" namespace. {"exception":"[object] (Symfony\\Component\\Console\\Exception\\NamespaceNotFoundException(code: 0): There are no commands defined in the \"link\" namespace. at /var/www/html/laravel10/cavely-stable/vendor/symfony/console/Application.php:669)
[stacktrace]
#0 /var/www/html/laravel10/cavely-stable/vendor/symfony/console/Application.php(720): Symfony\\Component\\Console\\Application->findNamespace()
#1 /var/www/html/laravel10/cavely-stable/vendor/symfony/console/Application.php(266): Symfony\\Component\\Console\\Application->find()
#2 /var/www/html/laravel10/cavely-stable/vendor/symfony/console/Application.php(175): Symfony\\Component\\Console\\Application->doRun()
#3 /var/www/html/laravel10/cavely-stable/vendor/laravel/framework/src/Illuminate/Foundation/Console/Kernel.php(201): Symfony\\Component\\Console\\Application->run()
#4 /var/www/html/laravel10/cavely-stable/artisan(35): Illuminate\\Foundation\\Console\\Kernel->handle()
#5 {main}
"} 
[2025-06-07 15:21:33] local.ERROR: SQLSTATE[23000]: Integrity constraint violation: 1048 Column 'jumlah' cannot be null (Connection: mysql, SQL: insert into `carts` (`checkouts_id`, `users_id`, `games_id`, `jumlah`) values (?, 3, 6, ?)) {"userId":3,"exception":"[object] (Illuminate\\Database\\QueryException(code: 23000): SQLSTATE[23000]: Integrity constraint violation: 1048 Column 'jumlah' cannot be null (Connection: mysql, SQL: insert into `carts` (`checkouts_id`, `users_id`, `games_id`, `jumlah`) values (?, 3, 6, ?)) at /var/www/html/laravel10/cavely-stable/vendor/laravel/framework/src/Illuminate/Database/Connection.php:829)
[stacktrace]
#0 /var/www/html/laravel10/cavely-stable/vendor/laravel/framework/src/Illuminate/Database/Connection.php(783): Illuminate\\Database\\Connection->runQueryCallback()
#1 /var/www/html/laravel10/cavely-stable/vendor/laravel/framework/src/Illuminate/Database/MySqlConnection.php(34): Illuminate\\Database\\Connection->run()
#2 /var/www/html/laravel10/cavely-stable/vendor/laravel/framework/src/Illuminate/Database/Query/Processors/MySqlProcessor.php(35): Illuminate\\Database\\MySqlConnection->insert()
#3 /var/www/html/laravel10/cavely-stable/vendor/laravel/framework/src/Illuminate/Database/Query/Builder.php(3549): Illuminate\\Database\\Query\\Processors\\MySqlProcessor->processInsertGetId()
#4 /var/www/html/laravel10/cavely-stable/vendor/laravel/framework/src/Illuminate/Database/Eloquent/Builder.php(1982): Illuminate\\Database\\Query\\Builder->insertGetId()
#5 /var/www/html/laravel10/cavely-stable/vendor/laravel/framework/src/Illuminate/Database/Eloquent/Model.php(1334): Illuminate\\Database\\Eloquent\\Builder->__call()
#6 /var/www/html/laravel10/cavely-stable/vendor/laravel/framework/src/Illuminate/Database/Eloquent/Model.php(1299): Illuminate\\Database\\Eloquent\\Model->insertAndSetId()
#7 /var/www/html/laravel10/cavely-stable/vendor/laravel/framework/src/Illuminate/Database/Eloquent/Model.php(1138): Illuminate\\Database\\Eloquent\\Model->performInsert()
#8 /var/www/html/laravel10/cavely-stable/vendor/laravel/framework/src/Illuminate/Database/Eloquent/Builder.php(1025): Illuminate\\Database\\Eloquent\\Model->save()
#9 /var/www/html/laravel10/cavely-stable/vendor/laravel/framework/src/Illuminate/Support/helpers.php(320): Illuminate\\Database\\Eloquent\\Builder->{closure:Illuminate\\Database\\Eloquent\\Builder::create():1024}()
#10 /var/www/html/laravel10/cavely-stable/vendor/laravel/framework/src/Illuminate/Database/Eloquent/Builder.php(1024): tap()
#11 /var/www/html/laravel10/cavely-stable/vendor/laravel/framework/src/Illuminate/Support/Traits/ForwardsCalls.php(23): Illuminate\\Database\\Eloquent\\Builder->create()
#12 /var/www/html/laravel10/cavely-stable/vendor/laravel/framework/src/Illuminate/Database/Eloquent/Model.php(2335): Illuminate\\Database\\Eloquent\\Model->forwardCallTo()
#13 /var/www/html/laravel10/cavely-stable/vendor/laravel/framework/src/Illuminate/Database/Eloquent/Model.php(2347): Illuminate\\Database\\Eloquent\\Model->__call()
#14 /var/www/html/laravel10/cavely-stable/app/Http/Controllers/frontendCartController.php(56): Illuminate\\Database\\Eloquent\\Model::__callStatic()
#15 /var/www/html/laravel10/cavely-stable/vendor/laravel/framework/src/Illuminate/Routing/Controller.php(54): App\\Http\\Controllers\\frontendCartController->store()
#16 /var/www/html/laravel10/cavely-stable/vendor/laravel/framework/src/Illuminate/Routing/ControllerDispatcher.php(43): Illuminate\\Routing\\Controller->callAction()
#17 /var/www/html/laravel10/cavely-stable/vendor/laravel/framework/src/Illuminate/Routing/Route.php(259): Illuminate\\Routing\\ControllerDispatcher->dispatch()
#18 /var/www/html/laravel10/cavely-stable/vendor/laravel/framework/src/Illuminate/Routing/Route.php(205): Illuminate\\Routing\\Route->runController()
#19 /var/www/html/laravel10/cavely-stable/vendor/laravel/framework/src/Illuminate/Routing/Router.php(806): Illuminate\\Routing\\Route->run()
#20 /var/www/html/laravel10/cavely-stable/vendor/laravel/framework/src/Illuminate/Pipeline/Pipeline.php(144): Illuminate\\Routing\\Router->{closure:Illuminate\\Routing\\Router::runRouteWithinStack():805}()
#21 /var/www/html/laravel10/cavely-stable/vendor/laravel/framework/src/Illuminate/Routing/Middleware/SubstituteBindings.php(50): Illuminate\\Pipeline\\Pipeline->{closure:Illuminate\\Pipeline\\Pipeline::prepareDestination():142}()
#22 /var/www/html/laravel10/cavely-stable/vendor/laravel/framework/src/Illuminate/Pipeline/Pipeline.php(183): Illuminate\\Routing\\Middleware\\SubstituteBindings->handle()
#23 /var/www/html/laravel10/cavely-stable/vendor/laravel/framework/src/Illuminate/Auth/Middleware/Authenticate.php(57): Illuminate\\Pipeline\\Pipeline->{closure:{closure:Illuminate\\Pipeline\\Pipeline::carry():158}:159}()
#24 /var/www/html/laravel10/cavely-stable/vendor/laravel/framework/src/Illuminate/Pipeline/Pipeline.php(183): Illuminate\\Auth\\Middleware\\Authenticate->handle()
#25 /var/www/html/laravel10/cavely-stable/vendor/laravel/framework/src/Illuminate/Foundation/Http/Middleware/VerifyCsrfToken.php(78): Illuminate\\Pipeline\\Pipeline->{closure:{closure:Illuminate\\Pipeline\\Pipeline::carry():158}:159}()
#26 /var/www/html/laravel10/cavely-stable/vendor/laravel/framework/src/Illuminate/Pipeline/Pipeline.php(183): Illuminate\\Foundation\\Http\\Middleware\\VerifyCsrfToken->handle()
#27 /var/www/html/laravel10/cavely-stable/vendor/laravel/framework/src/Illuminate/View/Middleware/ShareErrorsFromSession.php(49): Illuminate\\Pipeline\\Pipeline->{closure:{closure:Illuminate\\Pipeline\\Pipeline::carry():158}:159}()
#28 /var/www/html/laravel10/cavely-stable/vendor/laravel/framework/src/Illuminate/Pipeline/Pipeline.php(183): Illuminate\\View\\Middleware\\ShareErrorsFromSession->handle()
#29 /var/www/html/laravel10/cavely-stable/vendor/laravel/framework/src/Illuminate/Session/Middleware/StartSession.php(121): Illuminate\\Pipeline\\Pipeline->{closure:{closure:Illuminate\\Pipeline\\Pipeline::carry():158}:159}()
#30 /var/www/html/laravel10/cavely-stable/vendor/laravel/framework/src/Illuminate/Session/Middleware/StartSession.php(64): Illuminate\\Session\\Middleware\\StartSession->handleStatefulRequest()
#31 /var/www/html/laravel10/cavely-stable/vendor/laravel/framework/src/Illuminate/Pipeline/Pipeline.php(183): Illuminate\\Session\\Middleware\\StartSession->handle()
#32 /var/www/html/laravel10/cavely-stable/vendor/laravel/framework/src/Illuminate/Cookie/Middleware/AddQueuedCookiesToResponse.php(37): Illuminate\\Pipeline\\Pipeline->{closure:{closure:Illuminate\\Pipeline\\Pipeline::carry():158}:159}()
#33 /var/www/html/laravel10/cavely-stable/vendor/laravel/framework/src/Illuminate/Pipeline/Pipeline.php(183): Illuminate\\Cookie\\Middleware\\AddQueuedCookiesToResponse->handle()
#34 /var/www/html/laravel10/cavely-stable/vendor/laravel/framework/src/Illuminate/Cookie/Middleware/EncryptCookies.php(67): Illuminate\\Pipeline\\Pipeline->{closure:{closure:Illuminate\\Pipeline\\Pipeline::carry():158}:159}()
#35 /var/www/html/laravel10/cavely-stable/vendor/laravel/framework/src/Illuminate/Pipeline/Pipeline.php(183): Illuminate\\Cookie\\Middleware\\EncryptCookies->handle()
#36 /var/www/html/laravel10/cavely-stable/vendor/laravel/framework/src/Illuminate/Pipeline/Pipeline.php(119): Illuminate\\Pipeline\\Pipeline->{closure:{closure:Illuminate\\Pipeline\\Pipeline::carry():158}:159}()
#37 /var/www/html/laravel10/cavely-stable/vendor/laravel/framework/src/Illuminate/Routing/Router.php(805): Illuminate\\Pipeline\\Pipeline->then()
#38 /var/www/html/laravel10/cavely-stable/vendor/laravel/framework/src/Illuminate/Routing/Router.php(784): Illuminate\\Routing\\Router->runRouteWithinStack()
#39 /var/www/html/laravel10/cavely-stable/vendor/laravel/framework/src/Illuminate/Routing/Router.php(748): Illuminate\\Routing\\Router->runRoute()
#40 /var/www/html/laravel10/cavely-stable/vendor/laravel/framework/src/Illuminate/Routing/Router.php(737): Illuminate\\Routing\\Router->dispatchToRoute()
#41 /var/www/html/laravel10/cavely-stable/vendor/laravel/framework/src/Illuminate/Foundation/Http/Kernel.php(200): Illuminate\\Routing\\Router->dispatch()
#42 /var/www/html/laravel10/cavely-stable/vendor/laravel/framework/src/Illuminate/Pipeline/Pipeline.php(144): Illuminate\\Foundation\\Http\\Kernel->{closure:Illuminate\\Foundation\\Http\\Kernel::dispatchToRouter():197}()
#43 /var/www/html/laravel10/cavely-stable/vendor/laravel/framework/src/Illuminate/Foundation/Http/Middleware/TransformsRequest.php(21): Illuminate\\Pipeline\\Pipeline->{closure:Illuminate\\Pipeline\\Pipeline::prepareDestination():142}()
#44 /var/www/html/laravel10/cavely-stable/vendor/laravel/framework/src/Illuminate/Foundation/Http/Middleware/ConvertEmptyStringsToNull.php(31): Illuminate\\Foundation\\Http\\Middleware\\TransformsRequest->handle()
#45 /var/www/html/laravel10/cavely-stable/vendor/laravel/framework/src/Illuminate/Pipeline/Pipeline.php(183): Illuminate\\Foundation\\Http\\Middleware\\ConvertEmptyStringsToNull->handle()
#46 /var/www/html/laravel10/cavely-stable/vendor/laravel/framework/src/Illuminate/Foundation/Http/Middleware/TransformsRequest.php(21): Illuminate\\Pipeline\\Pipeline->{closure:{closure:Illuminate\\Pipeline\\Pipeline::carry():158}:159}()
#47 /var/www/html/laravel10/cavely-stable/vendor/laravel/framework/src/Illuminate/Foundation/Http/Middleware/TrimStrings.php(40): Illuminate\\Foundation\\Http\\Middleware\\TransformsRequest->handle()
#48 /var/www/html/laravel10/cavely-stable/vendor/laravel/framework/src/Illuminate/Pipeline/Pipeline.php(183): Illuminate\\Foundation\\Http\\Middleware\\TrimStrings->handle()
#49 /var/www/html/laravel10/cavely-stable/vendor/laravel/framework/src/Illuminate/Foundation/Http/Middleware/ValidatePostSize.php(27): Illuminate\\Pipeline\\Pipeline->{closure:{closure:Illuminate\\Pipeline\\Pipeline::carry():158}:159}()
#50 /var/www/html/laravel10/cavely-stable/vendor/laravel/framework/src/Illuminate/Pipeline/Pipeline.php(183): Illuminate\\Foundation\\Http\\Middleware\\ValidatePostSize->handle()
#51 /var/www/html/laravel10/cavely-stable/vendor/laravel/framework/src/Illuminate/Foundation/Http/Middleware/PreventRequestsDuringMaintenance.php(99): Illuminate\\Pipeline\\Pipeline->{closure:{closure:Illuminate\\Pipeline\\Pipeline::carry():158}:159}()
#52 /var/www/html/laravel10/cavely-stable/vendor/laravel/framework/src/Illuminate/Pipeline/Pipeline.php(183): Illuminate\\Foundation\\Http\\Middleware\\PreventRequestsDuringMaintenance->handle()
#53 /var/www/html/laravel10/cavely-stable/vendor/laravel/framework/src/Illuminate/Http/Middleware/HandleCors.php(49): Illuminate\\Pipeline\\Pipeline->{closure:{closure:Illuminate\\Pipeline\\Pipeline::carry():158}:159}()
#54 /var/www/html/laravel10/cavely-stable/vendor/laravel/framework/src/Illuminate/Pipeline/Pipeline.php(183): Illuminate\\Http\\Middleware\\HandleCors->handle()
#55 /var/www/html/laravel10/cavely-stable/vendor/laravel/framework/src/Illuminate/Http/Middleware/TrustProxies.php(39): Illuminate\\Pipeline\\Pipeline->{closure:{closure:Illuminate\\Pipeline\\Pipeline::carry():158}:159}()
#56 /var/www/html/laravel10/cavely-stable/vendor/laravel/framework/src/Illuminate/Pipeline/Pipeline.php(183): Illuminate\\Http\\Middleware\\TrustProxies->handle()
#57 /var/www/html/laravel10/cavely-stable/vendor/laravel/framework/src/Illuminate/Pipeline/Pipeline.php(119): Illuminate\\Pipeline\\Pipeline->{closure:{closure:Illuminate\\Pipeline\\Pipeline::carry():158}:159}()
#58 /var/www/html/laravel10/cavely-stable/vendor/laravel/framework/src/Illuminate/Foundation/Http/Kernel.php(175): Illuminate\\Pipeline\\Pipeline->then()
#59 /var/www/html/laravel10/cavely-stable/vendor/laravel/framework/src/Illuminate/Foundation/Http/Kernel.php(144): Illuminate\\Foundation\\Http\\Kernel->sendRequestThroughRouter()
#60 /var/www/html/laravel10/cavely-stable/public/index.php(51): Illuminate\\Foundation\\Http\\Kernel->handle()
#61 /var/www/html/laravel10/cavely-stable/vendor/laravel/framework/src/Illuminate/Foundation/resources/server.php(16): require_once('...')
#62 {main}

[previous exception] [object] (PDOException(code: 23000): SQLSTATE[23000]: Integrity constraint violation: 1048 Column 'jumlah' cannot be null at /var/www/html/laravel10/cavely-stable/vendor/laravel/framework/src/Illuminate/Database/MySqlConnection.php:45)
[stacktrace]
#0 /var/www/html/laravel10/cavely-stable/vendor/laravel/framework/src/Illuminate/Database/MySqlConnection.php(45): PDOStatement->execute()
#1 /var/www/html/laravel10/cavely-stable/vendor/laravel/framework/src/Illuminate/Database/Connection.php(816): Illuminate\\Database\\MySqlConnection->{closure:Illuminate\\Database\\MySqlConnection::insert():34}()
#2 /var/www/html/laravel10/cavely-stable/vendor/laravel/framework/src/Illuminate/Database/Connection.php(783): Illuminate\\Database\\Connection->runQueryCallback()
#3 /var/www/html/laravel10/cavely-stable/vendor/laravel/framework/src/Illuminate/Database/MySqlConnection.php(34): Illuminate\\Database\\Connection->run()
#4 /var/www/html/laravel10/cavely-stable/vendor/laravel/framework/src/Illuminate/Database/Query/Processors/MySqlProcessor.php(35): Illuminate\\Database\\MySqlConnection->insert()
#5 /var/www/html/laravel10/cavely-stable/vendor/laravel/framework/src/Illuminate/Database/Query/Builder.php(3549): Illuminate\\Database\\Query\\Processors\\MySqlProcessor->processInsertGetId()
#6 /var/www/html/laravel10/cavely-stable/vendor/laravel/framework/src/Illuminate/Database/Eloquent/Builder.php(1982): Illuminate\\Database\\Query\\Builder->insertGetId()
#7 /var/www/html/laravel10/cavely-stable/vendor/laravel/framework/src/Illuminate/Database/Eloquent/Model.php(1334): Illuminate\\Database\\Eloquent\\Builder->__call()
#8 /var/www/html/laravel10/cavely-stable/vendor/laravel/framework/src/Illuminate/Database/Eloquent/Model.php(1299): Illuminate\\Database\\Eloquent\\Model->insertAndSetId()
#9 /var/www/html/laravel10/cavely-stable/vendor/laravel/framework/src/Illuminate/Database/Eloquent/Model.php(1138): Illuminate\\Database\\Eloquent\\Model->performInsert()
#10 /var/www/html/laravel10/cavely-stable/vendor/laravel/framework/src/Illuminate/Database/Eloquent/Builder.php(1025): Illuminate\\Database\\Eloquent\\Model->save()
#11 /var/www/html/laravel10/cavely-stable/vendor/laravel/framework/src/Illuminate/Support/helpers.php(320): Illuminate\\Database\\Eloquent\\Builder->{closure:Illuminate\\Database\\Eloquent\\Builder::create():1024}()
#12 /var/www/html/laravel10/cavely-stable/vendor/laravel/framework/src/Illuminate/Database/Eloquent/Builder.php(1024): tap()
#13 /var/www/html/laravel10/cavely-stable/vendor/laravel/framework/src/Illuminate/Support/Traits/ForwardsCalls.php(23): Illuminate\\Database\\Eloquent\\Builder->create()
#14 /var/www/html/laravel10/cavely-stable/vendor/laravel/framework/src/Illuminate/Database/Eloquent/Model.php(2335): Illuminate\\Database\\Eloquent\\Model->forwardCallTo()
#15 /var/www/html/laravel10/cavely-stable/vendor/laravel/framework/src/Illuminate/Database/Eloquent/Model.php(2347): Illuminate\\Database\\Eloquent\\Model->__call()
#16 /var/www/html/laravel10/cavely-stable/app/Http/Controllers/frontendCartController.php(56): Illuminate\\Database\\Eloquent\\Model::__callStatic()
#17 /var/www/html/laravel10/cavely-stable/vendor/laravel/framework/src/Illuminate/Routing/Controller.php(54): App\\Http\\Controllers\\frontendCartController->store()
#18 /var/www/html/laravel10/cavely-stable/vendor/laravel/framework/src/Illuminate/Routing/ControllerDispatcher.php(43): Illuminate\\Routing\\Controller->callAction()
#19 /var/www/html/laravel10/cavely-stable/vendor/laravel/framework/src/Illuminate/Routing/Route.php(259): Illuminate\\Routing\\ControllerDispatcher->dispatch()
#20 /var/www/html/laravel10/cavely-stable/vendor/laravel/framework/src/Illuminate/Routing/Route.php(205): Illuminate\\Routing\\Route->runController()
#21 /var/www/html/laravel10/cavely-stable/vendor/laravel/framework/src/Illuminate/Routing/Router.php(806): Illuminate\\Routing\\Route->run()
#22 /var/www/html/laravel10/cavely-stable/vendor/laravel/framework/src/Illuminate/Pipeline/Pipeline.php(144): Illuminate\\Routing\\Router->{closure:Illuminate\\Routing\\Router::runRouteWithinStack():805}()
#23 /var/www/html/laravel10/cavely-stable/vendor/laravel/framework/src/Illuminate/Routing/Middleware/SubstituteBindings.php(50): Illuminate\\Pipeline\\Pipeline->{closure:Illuminate\\Pipeline\\Pipeline::prepareDestination():142}()
#24 /var/www/html/laravel10/cavely-stable/vendor/laravel/framework/src/Illuminate/Pipeline/Pipeline.php(183): Illuminate\\Routing\\Middleware\\SubstituteBindings->handle()
#25 /var/www/html/laravel10/cavely-stable/vendor/laravel/framework/src/Illuminate/Auth/Middleware/Authenticate.php(57): Illuminate\\Pipeline\\Pipeline->{closure:{closure:Illuminate\\Pipeline\\Pipeline::carry():158}:159}()
#26 /var/www/html/laravel10/cavely-stable/vendor/laravel/framework/src/Illuminate/Pipeline/Pipeline.php(183): Illuminate\\Auth\\Middleware\\Authenticate->handle()
#27 /var/www/html/laravel10/cavely-stable/vendor/laravel/framework/src/Illuminate/Foundation/Http/Middleware/VerifyCsrfToken.php(78): Illuminate\\Pipeline\\Pipeline->{closure:{closure:Illuminate\\Pipeline\\Pipeline::carry():158}:159}()
#28 /var/www/html/laravel10/cavely-stable/vendor/laravel/framework/src/Illuminate/Pipeline/Pipeline.php(183): Illuminate\\Foundation\\Http\\Middleware\\VerifyCsrfToken->handle()
#29 /var/www/html/laravel10/cavely-stable/vendor/laravel/framework/src/Illuminate/View/Middleware/ShareErrorsFromSession.php(49): Illuminate\\Pipeline\\Pipeline->{closure:{closure:Illuminate\\Pipeline\\Pipeline::carry():158}:159}()
#30 /var/www/html/laravel10/cavely-stable/vendor/laravel/framework/src/Illuminate/Pipeline/Pipeline.php(183): Illuminate\\View\\Middleware\\ShareErrorsFromSession->handle()
#31 /var/www/html/laravel10/cavely-stable/vendor/laravel/framework/src/Illuminate/Session/Middleware/StartSession.php(121): Illuminate\\Pipeline\\Pipeline->{closure:{closure:Illuminate\\Pipeline\\Pipeline::carry():158}:159}()
#32 /var/www/html/laravel10/cavely-stable/vendor/laravel/framework/src/Illuminate/Session/Middleware/StartSession.php(64): Illuminate\\Session\\Middleware\\StartSession->handleStatefulRequest()
#33 /var/www/html/laravel10/cavely-stable/vendor/laravel/framework/src/Illuminate/Pipeline/Pipeline.php(183): Illuminate\\Session\\Middleware\\StartSession->handle()
#34 /var/www/html/laravel10/cavely-stable/vendor/laravel/framework/src/Illuminate/Cookie/Middleware/AddQueuedCookiesToResponse.php(37): Illuminate\\Pipeline\\Pipeline->{closure:{closure:Illuminate\\Pipeline\\Pipeline::carry():158}:159}()
#35 /var/www/html/laravel10/cavely-stable/vendor/laravel/framework/src/Illuminate/Pipeline/Pipeline.php(183): Illuminate\\Cookie\\Middleware\\AddQueuedCookiesToResponse->handle()
#36 /var/www/html/laravel10/cavely-stable/vendor/laravel/framework/src/Illuminate/Cookie/Middleware/EncryptCookies.php(67): Illuminate\\Pipeline\\Pipeline->{closure:{closure:Illuminate\\Pipeline\\Pipeline::carry():158}:159}()
#37 /var/www/html/laravel10/cavely-stable/vendor/laravel/framework/src/Illuminate/Pipeline/Pipeline.php(183): Illuminate\\Cookie\\Middleware\\EncryptCookies->handle()
#38 /var/www/html/laravel10/cavely-stable/vendor/laravel/framework/src/Illuminate/Pipeline/Pipeline.php(119): Illuminate\\Pipeline\\Pipeline->{closure:{closure:Illuminate\\Pipeline\\Pipeline::carry():158}:159}()
#39 /var/www/html/laravel10/cavely-stable/vendor/laravel/framework/src/Illuminate/Routing/Router.php(805): Illuminate\\Pipeline\\Pipeline->then()
#40 /var/www/html/laravel10/cavely-stable/vendor/laravel/framework/src/Illuminate/Routing/Router.php(784): Illuminate\\Routing\\Router->runRouteWithinStack()
#41 /var/www/html/laravel10/cavely-stable/vendor/laravel/framework/src/Illuminate/Routing/Router.php(748): Illuminate\\Routing\\Router->runRoute()
#42 /var/www/html/laravel10/cavely-stable/vendor/laravel/framework/src/Illuminate/Routing/Router.php(737): Illuminate\\Routing\\Router->dispatchToRoute()
#43 /var/www/html/laravel10/cavely-stable/vendor/laravel/framework/src/Illuminate/Foundation/Http/Kernel.php(200): Illuminate\\Routing\\Router->dispatch()
#44 /var/www/html/laravel10/cavely-stable/vendor/laravel/framework/src/Illuminate/Pipeline/Pipeline.php(144): Illuminate\\Foundation\\Http\\Kernel->{closure:Illuminate\\Foundation\\Http\\Kernel::dispatchToRouter():197}()
#45 /var/www/html/laravel10/cavely-stable/vendor/laravel/framework/src/Illuminate/Foundation/Http/Middleware/TransformsRequest.php(21): Illuminate\\Pipeline\\Pipeline->{closure:Illuminate\\Pipeline\\Pipeline::prepareDestination():142}()
#46 /var/www/html/laravel10/cavely-stable/vendor/laravel/framework/src/Illuminate/Foundation/Http/Middleware/ConvertEmptyStringsToNull.php(31): Illuminate\\Foundation\\Http\\Middleware\\TransformsRequest->handle()
#47 /var/www/html/laravel10/cavely-stable/vendor/laravel/framework/src/Illuminate/Pipeline/Pipeline.php(183): Illuminate\\Foundation\\Http\\Middleware\\ConvertEmptyStringsToNull->handle()
#48 /var/www/html/laravel10/cavely-stable/vendor/laravel/framework/src/Illuminate/Foundation/Http/Middleware/TransformsRequest.php(21): Illuminate\\Pipeline\\Pipeline->{closure:{closure:Illuminate\\Pipeline\\Pipeline::carry():158}:159}()
#49 /var/www/html/laravel10/cavely-stable/vendor/laravel/framework/src/Illuminate/Foundation/Http/Middleware/TrimStrings.php(40): Illuminate\\Foundation\\Http\\Middleware\\TransformsRequest->handle()
#50 /var/www/html/laravel10/cavely-stable/vendor/laravel/framework/src/Illuminate/Pipeline/Pipeline.php(183): Illuminate\\Foundation\\Http\\Middleware\\TrimStrings->handle()
#51 /var/www/html/laravel10/cavely-stable/vendor/laravel/framework/src/Illuminate/Foundation/Http/Middleware/ValidatePostSize.php(27): Illuminate\\Pipeline\\Pipeline->{closure:{closure:Illuminate\\Pipeline\\Pipeline::carry():158}:159}()
#52 /var/www/html/laravel10/cavely-stable/vendor/laravel/framework/src/Illuminate/Pipeline/Pipeline.php(183): Illuminate\\Foundation\\Http\\Middleware\\ValidatePostSize->handle()
#53 /var/www/html/laravel10/cavely-stable/vendor/laravel/framework/src/Illuminate/Foundation/Http/Middleware/PreventRequestsDuringMaintenance.php(99): Illuminate\\Pipeline\\Pipeline->{closure:{closure:Illuminate\\Pipeline\\Pipeline::carry():158}:159}()
#54 /var/www/html/laravel10/cavely-stable/vendor/laravel/framework/src/Illuminate/Pipeline/Pipeline.php(183): Illuminate\\Foundation\\Http\\Middleware\\PreventRequestsDuringMaintenance->handle()
#55 /var/www/html/laravel10/cavely-stable/vendor/laravel/framework/src/Illuminate/Http/Middleware/HandleCors.php(49): Illuminate\\Pipeline\\Pipeline->{closure:{closure:Illuminate\\Pipeline\\Pipeline::carry():158}:159}()
#56 /var/www/html/laravel10/cavely-stable/vendor/laravel/framework/src/Illuminate/Pipeline/Pipeline.php(183): Illuminate\\Http\\Middleware\\HandleCors->handle()
#57 /var/www/html/laravel10/cavely-stable/vendor/laravel/framework/src/Illuminate/Http/Middleware/TrustProxies.php(39): Illuminate\\Pipeline\\Pipeline->{closure:{closure:Illuminate\\Pipeline\\Pipeline::carry():158}:159}()
#58 /var/www/html/laravel10/cavely-stable/vendor/laravel/framework/src/Illuminate/Pipeline/Pipeline.php(183): Illuminate\\Http\\Middleware\\TrustProxies->handle()
#59 /var/www/html/laravel10/cavely-stable/vendor/laravel/framework/src/Illuminate/Pipeline/Pipeline.php(119): Illuminate\\Pipeline\\Pipeline->{closure:{closure:Illuminate\\Pipeline\\Pipeline::carry():158}:159}()
#60 /var/www/html/laravel10/cavely-stable/vendor/laravel/framework/src/Illuminate/Foundation/Http/Kernel.php(175): Illuminate\\Pipeline\\Pipeline->then()
#61 /var/www/html/laravel10/cavely-stable/vendor/laravel/framework/src/Illuminate/Foundation/Http/Kernel.php(144): Illuminate\\Foundation\\Http\\Kernel->sendRequestThroughRouter()
#62 /var/www/html/laravel10/cavely-stable/public/index.php(51): Illuminate\\Foundation\\Http\\Kernel->handle()
#63 /var/www/html/laravel10/cavely-stable/vendor/laravel/framework/src/Illuminate/Foundation/resources/server.php(16): require_once('...')
#64 {main}
"} 
[2025-06-07 15:25:19] local.ERROR: SQLSTATE[23000]: Integrity constraint violation: 1048 Column 'jumlah' cannot be null (Connection: mysql, SQL: insert into `carts` (`checkouts_id`, `users_id`, `games_id`, `jumlah`) values (?, 3, 6, ?)) {"userId":3,"exception":"[object] (Illuminate\\Database\\QueryException(code: 23000): SQLSTATE[23000]: Integrity constraint violation: 1048 Column 'jumlah' cannot be null (Connection: mysql, SQL: insert into `carts` (`checkouts_id`, `users_id`, `games_id`, `jumlah`) values (?, 3, 6, ?)) at /var/www/html/laravel10/cavely-stable/vendor/laravel/framework/src/Illuminate/Database/Connection.php:829)
[stacktrace]
#0 /var/www/html/laravel10/cavely-stable/vendor/laravel/framework/src/Illuminate/Database/Connection.php(783): Illuminate\\Database\\Connection->runQueryCallback()
#1 /var/www/html/laravel10/cavely-stable/vendor/laravel/framework/src/Illuminate/Database/MySqlConnection.php(34): Illuminate\\Database\\Connection->run()
#2 /var/www/html/laravel10/cavely-stable/vendor/laravel/framework/src/Illuminate/Database/Query/Processors/MySqlProcessor.php(35): Illuminate\\Database\\MySqlConnection->insert()
#3 /var/www/html/laravel10/cavely-stable/vendor/laravel/framework/src/Illuminate/Database/Query/Builder.php(3549): Illuminate\\Database\\Query\\Processors\\MySqlProcessor->processInsertGetId()
#4 /var/www/html/laravel10/cavely-stable/vendor/laravel/framework/src/Illuminate/Database/Eloquent/Builder.php(1982): Illuminate\\Database\\Query\\Builder->insertGetId()
#5 /var/www/html/laravel10/cavely-stable/vendor/laravel/framework/src/Illuminate/Database/Eloquent/Model.php(1334): Illuminate\\Database\\Eloquent\\Builder->__call()
#6 /var/www/html/laravel10/cavely-stable/vendor/laravel/framework/src/Illuminate/Database/Eloquent/Model.php(1299): Illuminate\\Database\\Eloquent\\Model->insertAndSetId()
#7 /var/www/html/laravel10/cavely-stable/vendor/laravel/framework/src/Illuminate/Database/Eloquent/Model.php(1138): Illuminate\\Database\\Eloquent\\Model->performInsert()
#8 /var/www/html/laravel10/cavely-stable/vendor/laravel/framework/src/Illuminate/Database/Eloquent/Builder.php(1025): Illuminate\\Database\\Eloquent\\Model->save()
#9 /var/www/html/laravel10/cavely-stable/vendor/laravel/framework/src/Illuminate/Support/helpers.php(320): Illuminate\\Database\\Eloquent\\Builder->{closure:Illuminate\\Database\\Eloquent\\Builder::create():1024}()
#10 /var/www/html/laravel10/cavely-stable/vendor/laravel/framework/src/Illuminate/Database/Eloquent/Builder.php(1024): tap()
#11 /var/www/html/laravel10/cavely-stable/vendor/laravel/framework/src/Illuminate/Support/Traits/ForwardsCalls.php(23): Illuminate\\Database\\Eloquent\\Builder->create()
#12 /var/www/html/laravel10/cavely-stable/vendor/laravel/framework/src/Illuminate/Database/Eloquent/Model.php(2335): Illuminate\\Database\\Eloquent\\Model->forwardCallTo()
#13 /var/www/html/laravel10/cavely-stable/vendor/laravel/framework/src/Illuminate/Database/Eloquent/Model.php(2347): Illuminate\\Database\\Eloquent\\Model->__call()
#14 /var/www/html/laravel10/cavely-stable/app/Http/Controllers/frontendCartController.php(56): Illuminate\\Database\\Eloquent\\Model::__callStatic()
#15 /var/www/html/laravel10/cavely-stable/vendor/laravel/framework/src/Illuminate/Routing/Controller.php(54): App\\Http\\Controllers\\frontendCartController->store()
#16 /var/www/html/laravel10/cavely-stable/vendor/laravel/framework/src/Illuminate/Routing/ControllerDispatcher.php(43): Illuminate\\Routing\\Controller->callAction()
#17 /var/www/html/laravel10/cavely-stable/vendor/laravel/framework/src/Illuminate/Routing/Route.php(259): Illuminate\\Routing\\ControllerDispatcher->dispatch()
#18 /var/www/html/laravel10/cavely-stable/vendor/laravel/framework/src/Illuminate/Routing/Route.php(205): Illuminate\\Routing\\Route->runController()
#19 /var/www/html/laravel10/cavely-stable/vendor/laravel/framework/src/Illuminate/Routing/Router.php(806): Illuminate\\Routing\\Route->run()
#20 /var/www/html/laravel10/cavely-stable/vendor/laravel/framework/src/Illuminate/Pipeline/Pipeline.php(144): Illuminate\\Routing\\Router->{closure:Illuminate\\Routing\\Router::runRouteWithinStack():805}()
#21 /var/www/html/laravel10/cavely-stable/vendor/laravel/framework/src/Illuminate/Routing/Middleware/SubstituteBindings.php(50): Illuminate\\Pipeline\\Pipeline->{closure:Illuminate\\Pipeline\\Pipeline::prepareDestination():142}()
#22 /var/www/html/laravel10/cavely-stable/vendor/laravel/framework/src/Illuminate/Pipeline/Pipeline.php(183): Illuminate\\Routing\\Middleware\\SubstituteBindings->handle()
#23 /var/www/html/laravel10/cavely-stable/vendor/laravel/framework/src/Illuminate/Auth/Middleware/Authenticate.php(57): Illuminate\\Pipeline\\Pipeline->{closure:{closure:Illuminate\\Pipeline\\Pipeline::carry():158}:159}()
#24 /var/www/html/laravel10/cavely-stable/vendor/laravel/framework/src/Illuminate/Pipeline/Pipeline.php(183): Illuminate\\Auth\\Middleware\\Authenticate->handle()
#25 /var/www/html/laravel10/cavely-stable/vendor/laravel/framework/src/Illuminate/Foundation/Http/Middleware/VerifyCsrfToken.php(78): Illuminate\\Pipeline\\Pipeline->{closure:{closure:Illuminate\\Pipeline\\Pipeline::carry():158}:159}()
#26 /var/www/html/laravel10/cavely-stable/vendor/laravel/framework/src/Illuminate/Pipeline/Pipeline.php(183): Illuminate\\Foundation\\Http\\Middleware\\VerifyCsrfToken->handle()
#27 /var/www/html/laravel10/cavely-stable/vendor/laravel/framework/src/Illuminate/View/Middleware/ShareErrorsFromSession.php(49): Illuminate\\Pipeline\\Pipeline->{closure:{closure:Illuminate\\Pipeline\\Pipeline::carry():158}:159}()
#28 /var/www/html/laravel10/cavely-stable/vendor/laravel/framework/src/Illuminate/Pipeline/Pipeline.php(183): Illuminate\\View\\Middleware\\ShareErrorsFromSession->handle()
#29 /var/www/html/laravel10/cavely-stable/vendor/laravel/framework/src/Illuminate/Session/Middleware/StartSession.php(121): Illuminate\\Pipeline\\Pipeline->{closure:{closure:Illuminate\\Pipeline\\Pipeline::carry():158}:159}()
#30 /var/www/html/laravel10/cavely-stable/vendor/laravel/framework/src/Illuminate/Session/Middleware/StartSession.php(64): Illuminate\\Session\\Middleware\\StartSession->handleStatefulRequest()
#31 /var/www/html/laravel10/cavely-stable/vendor/laravel/framework/src/Illuminate/Pipeline/Pipeline.php(183): Illuminate\\Session\\Middleware\\StartSession->handle()
#32 /var/www/html/laravel10/cavely-stable/vendor/laravel/framework/src/Illuminate/Cookie/Middleware/AddQueuedCookiesToResponse.php(37): Illuminate\\Pipeline\\Pipeline->{closure:{closure:Illuminate\\Pipeline\\Pipeline::carry():158}:159}()
#33 /var/www/html/laravel10/cavely-stable/vendor/laravel/framework/src/Illuminate/Pipeline/Pipeline.php(183): Illuminate\\Cookie\\Middleware\\AddQueuedCookiesToResponse->handle()
#34 /var/www/html/laravel10/cavely-stable/vendor/laravel/framework/src/Illuminate/Cookie/Middleware/EncryptCookies.php(67): Illuminate\\Pipeline\\Pipeline->{closure:{closure:Illuminate\\Pipeline\\Pipeline::carry():158}:159}()
#35 /var/www/html/laravel10/cavely-stable/vendor/laravel/framework/src/Illuminate/Pipeline/Pipeline.php(183): Illuminate\\Cookie\\Middleware\\EncryptCookies->handle()
#36 /var/www/html/laravel10/cavely-stable/vendor/laravel/framework/src/Illuminate/Pipeline/Pipeline.php(119): Illuminate\\Pipeline\\Pipeline->{closure:{closure:Illuminate\\Pipeline\\Pipeline::carry():158}:159}()
#37 /var/www/html/laravel10/cavely-stable/vendor/laravel/framework/src/Illuminate/Routing/Router.php(805): Illuminate\\Pipeline\\Pipeline->then()
#38 /var/www/html/laravel10/cavely-stable/vendor/laravel/framework/src/Illuminate/Routing/Router.php(784): Illuminate\\Routing\\Router->runRouteWithinStack()
#39 /var/www/html/laravel10/cavely-stable/vendor/laravel/framework/src/Illuminate/Routing/Router.php(748): Illuminate\\Routing\\Router->runRoute()
#40 /var/www/html/laravel10/cavely-stable/vendor/laravel/framework/src/Illuminate/Routing/Router.php(737): Illuminate\\Routing\\Router->dispatchToRoute()
#41 /var/www/html/laravel10/cavely-stable/vendor/laravel/framework/src/Illuminate/Foundation/Http/Kernel.php(200): Illuminate\\Routing\\Router->dispatch()
#42 /var/www/html/laravel10/cavely-stable/vendor/laravel/framework/src/Illuminate/Pipeline/Pipeline.php(144): Illuminate\\Foundation\\Http\\Kernel->{closure:Illuminate\\Foundation\\Http\\Kernel::dispatchToRouter():197}()
#43 /var/www/html/laravel10/cavely-stable/vendor/laravel/framework/src/Illuminate/Foundation/Http/Middleware/TransformsRequest.php(21): Illuminate\\Pipeline\\Pipeline->{closure:Illuminate\\Pipeline\\Pipeline::prepareDestination():142}()
#44 /var/www/html/laravel10/cavely-stable/vendor/laravel/framework/src/Illuminate/Foundation/Http/Middleware/ConvertEmptyStringsToNull.php(31): Illuminate\\Foundation\\Http\\Middleware\\TransformsRequest->handle()
#45 /var/www/html/laravel10/cavely-stable/vendor/laravel/framework/src/Illuminate/Pipeline/Pipeline.php(183): Illuminate\\Foundation\\Http\\Middleware\\ConvertEmptyStringsToNull->handle()
#46 /var/www/html/laravel10/cavely-stable/vendor/laravel/framework/src/Illuminate/Foundation/Http/Middleware/TransformsRequest.php(21): Illuminate\\Pipeline\\Pipeline->{closure:{closure:Illuminate\\Pipeline\\Pipeline::carry():158}:159}()
#47 /var/www/html/laravel10/cavely-stable/vendor/laravel/framework/src/Illuminate/Foundation/Http/Middleware/TrimStrings.php(40): Illuminate\\Foundation\\Http\\Middleware\\TransformsRequest->handle()
#48 /var/www/html/laravel10/cavely-stable/vendor/laravel/framework/src/Illuminate/Pipeline/Pipeline.php(183): Illuminate\\Foundation\\Http\\Middleware\\TrimStrings->handle()
#49 /var/www/html/laravel10/cavely-stable/vendor/laravel/framework/src/Illuminate/Foundation/Http/Middleware/ValidatePostSize.php(27): Illuminate\\Pipeline\\Pipeline->{closure:{closure:Illuminate\\Pipeline\\Pipeline::carry():158}:159}()
#50 /var/www/html/laravel10/cavely-stable/vendor/laravel/framework/src/Illuminate/Pipeline/Pipeline.php(183): Illuminate\\Foundation\\Http\\Middleware\\ValidatePostSize->handle()
#51 /var/www/html/laravel10/cavely-stable/vendor/laravel/framework/src/Illuminate/Foundation/Http/Middleware/PreventRequestsDuringMaintenance.php(99): Illuminate\\Pipeline\\Pipeline->{closure:{closure:Illuminate\\Pipeline\\Pipeline::carry():158}:159}()
#52 /var/www/html/laravel10/cavely-stable/vendor/laravel/framework/src/Illuminate/Pipeline/Pipeline.php(183): Illuminate\\Foundation\\Http\\Middleware\\PreventRequestsDuringMaintenance->handle()
#53 /var/www/html/laravel10/cavely-stable/vendor/laravel/framework/src/Illuminate/Http/Middleware/HandleCors.php(49): Illuminate\\Pipeline\\Pipeline->{closure:{closure:Illuminate\\Pipeline\\Pipeline::carry():158}:159}()
#54 /var/www/html/laravel10/cavely-stable/vendor/laravel/framework/src/Illuminate/Pipeline/Pipeline.php(183): Illuminate\\Http\\Middleware\\HandleCors->handle()
#55 /var/www/html/laravel10/cavely-stable/vendor/laravel/framework/src/Illuminate/Http/Middleware/TrustProxies.php(39): Illuminate\\Pipeline\\Pipeline->{closure:{closure:Illuminate\\Pipeline\\Pipeline::carry():158}:159}()
#56 /var/www/html/laravel10/cavely-stable/vendor/laravel/framework/src/Illuminate/Pipeline/Pipeline.php(183): Illuminate\\Http\\Middleware\\TrustProxies->handle()
#57 /var/www/html/laravel10/cavely-stable/vendor/laravel/framework/src/Illuminate/Pipeline/Pipeline.php(119): Illuminate\\Pipeline\\Pipeline->{closure:{closure:Illuminate\\Pipeline\\Pipeline::carry():158}:159}()
#58 /var/www/html/laravel10/cavely-stable/vendor/laravel/framework/src/Illuminate/Foundation/Http/Kernel.php(175): Illuminate\\Pipeline\\Pipeline->then()
#59 /var/www/html/laravel10/cavely-stable/vendor/laravel/framework/src/Illuminate/Foundation/Http/Kernel.php(144): Illuminate\\Foundation\\Http\\Kernel->sendRequestThroughRouter()
#60 /var/www/html/laravel10/cavely-stable/public/index.php(51): Illuminate\\Foundation\\Http\\Kernel->handle()
#61 /var/www/html/laravel10/cavely-stable/vendor/laravel/framework/src/Illuminate/Foundation/resources/server.php(16): require_once('...')
#62 {main}

[previous exception] [object] (PDOException(code: 23000): SQLSTATE[23000]: Integrity constraint violation: 1048 Column 'jumlah' cannot be null at /var/www/html/laravel10/cavely-stable/vendor/laravel/framework/src/Illuminate/Database/MySqlConnection.php:45)
[stacktrace]
#0 /var/www/html/laravel10/cavely-stable/vendor/laravel/framework/src/Illuminate/Database/MySqlConnection.php(45): PDOStatement->execute()
#1 /var/www/html/laravel10/cavely-stable/vendor/laravel/framework/src/Illuminate/Database/Connection.php(816): Illuminate\\Database\\MySqlConnection->{closure:Illuminate\\Database\\MySqlConnection::insert():34}()
#2 /var/www/html/laravel10/cavely-stable/vendor/laravel/framework/src/Illuminate/Database/Connection.php(783): Illuminate\\Database\\Connection->runQueryCallback()
#3 /var/www/html/laravel10/cavely-stable/vendor/laravel/framework/src/Illuminate/Database/MySqlConnection.php(34): Illuminate\\Database\\Connection->run()
#4 /var/www/html/laravel10/cavely-stable/vendor/laravel/framework/src/Illuminate/Database/Query/Processors/MySqlProcessor.php(35): Illuminate\\Database\\MySqlConnection->insert()
#5 /var/www/html/laravel10/cavely-stable/vendor/laravel/framework/src/Illuminate/Database/Query/Builder.php(3549): Illuminate\\Database\\Query\\Processors\\MySqlProcessor->processInsertGetId()
#6 /var/www/html/laravel10/cavely-stable/vendor/laravel/framework/src/Illuminate/Database/Eloquent/Builder.php(1982): Illuminate\\Database\\Query\\Builder->insertGetId()
#7 /var/www/html/laravel10/cavely-stable/vendor/laravel/framework/src/Illuminate/Database/Eloquent/Model.php(1334): Illuminate\\Database\\Eloquent\\Builder->__call()
#8 /var/www/html/laravel10/cavely-stable/vendor/laravel/framework/src/Illuminate/Database/Eloquent/Model.php(1299): Illuminate\\Database\\Eloquent\\Model->insertAndSetId()
#9 /var/www/html/laravel10/cavely-stable/vendor/laravel/framework/src/Illuminate/Database/Eloquent/Model.php(1138): Illuminate\\Database\\Eloquent\\Model->performInsert()
#10 /var/www/html/laravel10/cavely-stable/vendor/laravel/framework/src/Illuminate/Database/Eloquent/Builder.php(1025): Illuminate\\Database\\Eloquent\\Model->save()
#11 /var/www/html/laravel10/cavely-stable/vendor/laravel/framework/src/Illuminate/Support/helpers.php(320): Illuminate\\Database\\Eloquent\\Builder->{closure:Illuminate\\Database\\Eloquent\\Builder::create():1024}()
#12 /var/www/html/laravel10/cavely-stable/vendor/laravel/framework/src/Illuminate/Database/Eloquent/Builder.php(1024): tap()
#13 /var/www/html/laravel10/cavely-stable/vendor/laravel/framework/src/Illuminate/Support/Traits/ForwardsCalls.php(23): Illuminate\\Database\\Eloquent\\Builder->create()
#14 /var/www/html/laravel10/cavely-stable/vendor/laravel/framework/src/Illuminate/Database/Eloquent/Model.php(2335): Illuminate\\Database\\Eloquent\\Model->forwardCallTo()
#15 /var/www/html/laravel10/cavely-stable/vendor/laravel/framework/src/Illuminate/Database/Eloquent/Model.php(2347): Illuminate\\Database\\Eloquent\\Model->__call()
#16 /var/www/html/laravel10/cavely-stable/app/Http/Controllers/frontendCartController.php(56): Illuminate\\Database\\Eloquent\\Model::__callStatic()
#17 /var/www/html/laravel10/cavely-stable/vendor/laravel/framework/src/Illuminate/Routing/Controller.php(54): App\\Http\\Controllers\\frontendCartController->store()
#18 /var/www/html/laravel10/cavely-stable/vendor/laravel/framework/src/Illuminate/Routing/ControllerDispatcher.php(43): Illuminate\\Routing\\Controller->callAction()
#19 /var/www/html/laravel10/cavely-stable/vendor/laravel/framework/src/Illuminate/Routing/Route.php(259): Illuminate\\Routing\\ControllerDispatcher->dispatch()
#20 /var/www/html/laravel10/cavely-stable/vendor/laravel/framework/src/Illuminate/Routing/Route.php(205): Illuminate\\Routing\\Route->runController()
#21 /var/www/html/laravel10/cavely-stable/vendor/laravel/framework/src/Illuminate/Routing/Router.php(806): Illuminate\\Routing\\Route->run()
#22 /var/www/html/laravel10/cavely-stable/vendor/laravel/framework/src/Illuminate/Pipeline/Pipeline.php(144): Illuminate\\Routing\\Router->{closure:Illuminate\\Routing\\Router::runRouteWithinStack():805}()
#23 /var/www/html/laravel10/cavely-stable/vendor/laravel/framework/src/Illuminate/Routing/Middleware/SubstituteBindings.php(50): Illuminate\\Pipeline\\Pipeline->{closure:Illuminate\\Pipeline\\Pipeline::prepareDestination():142}()
#24 /var/www/html/laravel10/cavely-stable/vendor/laravel/framework/src/Illuminate/Pipeline/Pipeline.php(183): Illuminate\\Routing\\Middleware\\SubstituteBindings->handle()
#25 /var/www/html/laravel10/cavely-stable/vendor/laravel/framework/src/Illuminate/Auth/Middleware/Authenticate.php(57): Illuminate\\Pipeline\\Pipeline->{closure:{closure:Illuminate\\Pipeline\\Pipeline::carry():158}:159}()
#26 /var/www/html/laravel10/cavely-stable/vendor/laravel/framework/src/Illuminate/Pipeline/Pipeline.php(183): Illuminate\\Auth\\Middleware\\Authenticate->handle()
#27 /var/www/html/laravel10/cavely-stable/vendor/laravel/framework/src/Illuminate/Foundation/Http/Middleware/VerifyCsrfToken.php(78): Illuminate\\Pipeline\\Pipeline->{closure:{closure:Illuminate\\Pipeline\\Pipeline::carry():158}:159}()
#28 /var/www/html/laravel10/cavely-stable/vendor/laravel/framework/src/Illuminate/Pipeline/Pipeline.php(183): Illuminate\\Foundation\\Http\\Middleware\\VerifyCsrfToken->handle()
#29 /var/www/html/laravel10/cavely-stable/vendor/laravel/framework/src/Illuminate/View/Middleware/ShareErrorsFromSession.php(49): Illuminate\\Pipeline\\Pipeline->{closure:{closure:Illuminate\\Pipeline\\Pipeline::carry():158}:159}()
#30 /var/www/html/laravel10/cavely-stable/vendor/laravel/framework/src/Illuminate/Pipeline/Pipeline.php(183): Illuminate\\View\\Middleware\\ShareErrorsFromSession->handle()
#31 /var/www/html/laravel10/cavely-stable/vendor/laravel/framework/src/Illuminate/Session/Middleware/StartSession.php(121): Illuminate\\Pipeline\\Pipeline->{closure:{closure:Illuminate\\Pipeline\\Pipeline::carry():158}:159}()
#32 /var/www/html/laravel10/cavely-stable/vendor/laravel/framework/src/Illuminate/Session/Middleware/StartSession.php(64): Illuminate\\Session\\Middleware\\StartSession->handleStatefulRequest()
#33 /var/www/html/laravel10/cavely-stable/vendor/laravel/framework/src/Illuminate/Pipeline/Pipeline.php(183): Illuminate\\Session\\Middleware\\StartSession->handle()
#34 /var/www/html/laravel10/cavely-stable/vendor/laravel/framework/src/Illuminate/Cookie/Middleware/AddQueuedCookiesToResponse.php(37): Illuminate\\Pipeline\\Pipeline->{closure:{closure:Illuminate\\Pipeline\\Pipeline::carry():158}:159}()
#35 /var/www/html/laravel10/cavely-stable/vendor/laravel/framework/src/Illuminate/Pipeline/Pipeline.php(183): Illuminate\\Cookie\\Middleware\\AddQueuedCookiesToResponse->handle()
#36 /var/www/html/laravel10/cavely-stable/vendor/laravel/framework/src/Illuminate/Cookie/Middleware/EncryptCookies.php(67): Illuminate\\Pipeline\\Pipeline->{closure:{closure:Illuminate\\Pipeline\\Pipeline::carry():158}:159}()
#37 /var/www/html/laravel10/cavely-stable/vendor/laravel/framework/src/Illuminate/Pipeline/Pipeline.php(183): Illuminate\\Cookie\\Middleware\\EncryptCookies->handle()
#38 /var/www/html/laravel10/cavely-stable/vendor/laravel/framework/src/Illuminate/Pipeline/Pipeline.php(119): Illuminate\\Pipeline\\Pipeline->{closure:{closure:Illuminate\\Pipeline\\Pipeline::carry():158}:159}()
#39 /var/www/html/laravel10/cavely-stable/vendor/laravel/framework/src/Illuminate/Routing/Router.php(805): Illuminate\\Pipeline\\Pipeline->then()
#40 /var/www/html/laravel10/cavely-stable/vendor/laravel/framework/src/Illuminate/Routing/Router.php(784): Illuminate\\Routing\\Router->runRouteWithinStack()
#41 /var/www/html/laravel10/cavely-stable/vendor/laravel/framework/src/Illuminate/Routing/Router.php(748): Illuminate\\Routing\\Router->runRoute()
#42 /var/www/html/laravel10/cavely-stable/vendor/laravel/framework/src/Illuminate/Routing/Router.php(737): Illuminate\\Routing\\Router->dispatchToRoute()
#43 /var/www/html/laravel10/cavely-stable/vendor/laravel/framework/src/Illuminate/Foundation/Http/Kernel.php(200): Illuminate\\Routing\\Router->dispatch()
#44 /var/www/html/laravel10/cavely-stable/vendor/laravel/framework/src/Illuminate/Pipeline/Pipeline.php(144): Illuminate\\Foundation\\Http\\Kernel->{closure:Illuminate\\Foundation\\Http\\Kernel::dispatchToRouter():197}()
#45 /var/www/html/laravel10/cavely-stable/vendor/laravel/framework/src/Illuminate/Foundation/Http/Middleware/TransformsRequest.php(21): Illuminate\\Pipeline\\Pipeline->{closure:Illuminate\\Pipeline\\Pipeline::prepareDestination():142}()
#46 /var/www/html/laravel10/cavely-stable/vendor/laravel/framework/src/Illuminate/Foundation/Http/Middleware/ConvertEmptyStringsToNull.php(31): Illuminate\\Foundation\\Http\\Middleware\\TransformsRequest->handle()
#47 /var/www/html/laravel10/cavely-stable/vendor/laravel/framework/src/Illuminate/Pipeline/Pipeline.php(183): Illuminate\\Foundation\\Http\\Middleware\\ConvertEmptyStringsToNull->handle()
#48 /var/www/html/laravel10/cavely-stable/vendor/laravel/framework/src/Illuminate/Foundation/Http/Middleware/TransformsRequest.php(21): Illuminate\\Pipeline\\Pipeline->{closure:{closure:Illuminate\\Pipeline\\Pipeline::carry():158}:159}()
#49 /var/www/html/laravel10/cavely-stable/vendor/laravel/framework/src/Illuminate/Foundation/Http/Middleware/TrimStrings.php(40): Illuminate\\Foundation\\Http\\Middleware\\TransformsRequest->handle()
#50 /var/www/html/laravel10/cavely-stable/vendor/laravel/framework/src/Illuminate/Pipeline/Pipeline.php(183): Illuminate\\Foundation\\Http\\Middleware\\TrimStrings->handle()
#51 /var/www/html/laravel10/cavely-stable/vendor/laravel/framework/src/Illuminate/Foundation/Http/Middleware/ValidatePostSize.php(27): Illuminate\\Pipeline\\Pipeline->{closure:{closure:Illuminate\\Pipeline\\Pipeline::carry():158}:159}()
#52 /var/www/html/laravel10/cavely-stable/vendor/laravel/framework/src/Illuminate/Pipeline/Pipeline.php(183): Illuminate\\Foundation\\Http\\Middleware\\ValidatePostSize->handle()
#53 /var/www/html/laravel10/cavely-stable/vendor/laravel/framework/src/Illuminate/Foundation/Http/Middleware/PreventRequestsDuringMaintenance.php(99): Illuminate\\Pipeline\\Pipeline->{closure:{closure:Illuminate\\Pipeline\\Pipeline::carry():158}:159}()
#54 /var/www/html/laravel10/cavely-stable/vendor/laravel/framework/src/Illuminate/Pipeline/Pipeline.php(183): Illuminate\\Foundation\\Http\\Middleware\\PreventRequestsDuringMaintenance->handle()
#55 /var/www/html/laravel10/cavely-stable/vendor/laravel/framework/src/Illuminate/Http/Middleware/HandleCors.php(49): Illuminate\\Pipeline\\Pipeline->{closure:{closure:Illuminate\\Pipeline\\Pipeline::carry():158}:159}()
#56 /var/www/html/laravel10/cavely-stable/vendor/laravel/framework/src/Illuminate/Pipeline/Pipeline.php(183): Illuminate\\Http\\Middleware\\HandleCors->handle()
#57 /var/www/html/laravel10/cavely-stable/vendor/laravel/framework/src/Illuminate/Http/Middleware/TrustProxies.php(39): Illuminate\\Pipeline\\Pipeline->{closure:{closure:Illuminate\\Pipeline\\Pipeline::carry():158}:159}()
#58 /var/www/html/laravel10/cavely-stable/vendor/laravel/framework/src/Illuminate/Pipeline/Pipeline.php(183): Illuminate\\Http\\Middleware\\TrustProxies->handle()
#59 /var/www/html/laravel10/cavely-stable/vendor/laravel/framework/src/Illuminate/Pipeline/Pipeline.php(119): Illuminate\\Pipeline\\Pipeline->{closure:{closure:Illuminate\\Pipeline\\Pipeline::carry():158}:159}()
#60 /var/www/html/laravel10/cavely-stable/vendor/laravel/framework/src/Illuminate/Foundation/Http/Kernel.php(175): Illuminate\\Pipeline\\Pipeline->then()
#61 /var/www/html/laravel10/cavely-stable/vendor/laravel/framework/src/Illuminate/Foundation/Http/Kernel.php(144): Illuminate\\Foundation\\Http\\Kernel->sendRequestThroughRouter()
#62 /var/www/html/laravel10/cavely-stable/public/index.php(51): Illuminate\\Foundation\\Http\\Kernel->handle()
#63 /var/www/html/laravel10/cavely-stable/vendor/laravel/framework/src/Illuminate/Foundation/resources/server.php(16): require_once('...')
#64 {main}
"} 
[2025-06-08 07:53:05] local.ERROR: foreach() argument must be of type array|object, null given {"userId":1,"exception":"[object] (ErrorException(code: 0): foreach() argument must be of type array|object, null given at /var/www/html/laravel10/cavely-stable/app/Http/Controllers/CheckoutController.php:83)
[stacktrace]
#0 /var/www/html/laravel10/cavely-stable/vendor/laravel/framework/src/Illuminate/Foundation/Bootstrap/HandleExceptions.php(255): Illuminate\\Foundation\\Bootstrap\\HandleExceptions->handleError()
#1 /var/www/html/laravel10/cavely-stable/app/Http/Controllers/CheckoutController.php(83): Illuminate\\Foundation\\Bootstrap\\HandleExceptions->{closure:Illuminate\\Foundation\\Bootstrap\\HandleExceptions::forwardsTo():254}()
#2 /var/www/html/laravel10/cavely-stable/vendor/laravel/framework/src/Illuminate/Routing/Controller.php(54): App\\Http\\Controllers\\CheckoutController->store()
#3 /var/www/html/laravel10/cavely-stable/vendor/laravel/framework/src/Illuminate/Routing/ControllerDispatcher.php(43): Illuminate\\Routing\\Controller->callAction()
#4 /var/www/html/laravel10/cavely-stable/vendor/laravel/framework/src/Illuminate/Routing/Route.php(259): Illuminate\\Routing\\ControllerDispatcher->dispatch()
#5 /var/www/html/laravel10/cavely-stable/vendor/laravel/framework/src/Illuminate/Routing/Route.php(205): Illuminate\\Routing\\Route->runController()
#6 /var/www/html/laravel10/cavely-stable/vendor/laravel/framework/src/Illuminate/Routing/Router.php(806): Illuminate\\Routing\\Route->run()
#7 /var/www/html/laravel10/cavely-stable/vendor/laravel/framework/src/Illuminate/Pipeline/Pipeline.php(144): Illuminate\\Routing\\Router->{closure:Illuminate\\Routing\\Router::runRouteWithinStack():805}()
#8 /var/www/html/laravel10/cavely-stable/vendor/laravel/framework/src/Illuminate/Routing/Middleware/SubstituteBindings.php(50): Illuminate\\Pipeline\\Pipeline->{closure:Illuminate\\Pipeline\\Pipeline::prepareDestination():142}()
#9 /var/www/html/laravel10/cavely-stable/vendor/laravel/framework/src/Illuminate/Pipeline/Pipeline.php(183): Illuminate\\Routing\\Middleware\\SubstituteBindings->handle()
#10 /var/www/html/laravel10/cavely-stable/vendor/laravel/framework/src/Illuminate/Auth/Middleware/Authenticate.php(57): Illuminate\\Pipeline\\Pipeline->{closure:{closure:Illuminate\\Pipeline\\Pipeline::carry():158}:159}()
#11 /var/www/html/laravel10/cavely-stable/vendor/laravel/framework/src/Illuminate/Pipeline/Pipeline.php(183): Illuminate\\Auth\\Middleware\\Authenticate->handle()
#12 /var/www/html/laravel10/cavely-stable/vendor/laravel/framework/src/Illuminate/Foundation/Http/Middleware/VerifyCsrfToken.php(78): Illuminate\\Pipeline\\Pipeline->{closure:{closure:Illuminate\\Pipeline\\Pipeline::carry():158}:159}()
#13 /var/www/html/laravel10/cavely-stable/vendor/laravel/framework/src/Illuminate/Pipeline/Pipeline.php(183): Illuminate\\Foundation\\Http\\Middleware\\VerifyCsrfToken->handle()
#14 /var/www/html/laravel10/cavely-stable/vendor/laravel/framework/src/Illuminate/View/Middleware/ShareErrorsFromSession.php(49): Illuminate\\Pipeline\\Pipeline->{closure:{closure:Illuminate\\Pipeline\\Pipeline::carry():158}:159}()
#15 /var/www/html/laravel10/cavely-stable/vendor/laravel/framework/src/Illuminate/Pipeline/Pipeline.php(183): Illuminate\\View\\Middleware\\ShareErrorsFromSession->handle()
#16 /var/www/html/laravel10/cavely-stable/vendor/laravel/framework/src/Illuminate/Session/Middleware/StartSession.php(121): Illuminate\\Pipeline\\Pipeline->{closure:{closure:Illuminate\\Pipeline\\Pipeline::carry():158}:159}()
#17 /var/www/html/laravel10/cavely-stable/vendor/laravel/framework/src/Illuminate/Session/Middleware/StartSession.php(64): Illuminate\\Session\\Middleware\\StartSession->handleStatefulRequest()
#18 /var/www/html/laravel10/cavely-stable/vendor/laravel/framework/src/Illuminate/Pipeline/Pipeline.php(183): Illuminate\\Session\\Middleware\\StartSession->handle()
#19 /var/www/html/laravel10/cavely-stable/vendor/laravel/framework/src/Illuminate/Cookie/Middleware/AddQueuedCookiesToResponse.php(37): Illuminate\\Pipeline\\Pipeline->{closure:{closure:Illuminate\\Pipeline\\Pipeline::carry():158}:159}()
#20 /var/www/html/laravel10/cavely-stable/vendor/laravel/framework/src/Illuminate/Pipeline/Pipeline.php(183): Illuminate\\Cookie\\Middleware\\AddQueuedCookiesToResponse->handle()
#21 /var/www/html/laravel10/cavely-stable/vendor/laravel/framework/src/Illuminate/Cookie/Middleware/EncryptCookies.php(67): Illuminate\\Pipeline\\Pipeline->{closure:{closure:Illuminate\\Pipeline\\Pipeline::carry():158}:159}()
#22 /var/www/html/laravel10/cavely-stable/vendor/laravel/framework/src/Illuminate/Pipeline/Pipeline.php(183): Illuminate\\Cookie\\Middleware\\EncryptCookies->handle()
#23 /var/www/html/laravel10/cavely-stable/vendor/laravel/framework/src/Illuminate/Pipeline/Pipeline.php(119): Illuminate\\Pipeline\\Pipeline->{closure:{closure:Illuminate\\Pipeline\\Pipeline::carry():158}:159}()
#24 /var/www/html/laravel10/cavely-stable/vendor/laravel/framework/src/Illuminate/Routing/Router.php(805): Illuminate\\Pipeline\\Pipeline->then()
#25 /var/www/html/laravel10/cavely-stable/vendor/laravel/framework/src/Illuminate/Routing/Router.php(784): Illuminate\\Routing\\Router->runRouteWithinStack()
#26 /var/www/html/laravel10/cavely-stable/vendor/laravel/framework/src/Illuminate/Routing/Router.php(748): Illuminate\\Routing\\Router->runRoute()
#27 /var/www/html/laravel10/cavely-stable/vendor/laravel/framework/src/Illuminate/Routing/Router.php(737): Illuminate\\Routing\\Router->dispatchToRoute()
#28 /var/www/html/laravel10/cavely-stable/vendor/laravel/framework/src/Illuminate/Foundation/Http/Kernel.php(200): Illuminate\\Routing\\Router->dispatch()
#29 /var/www/html/laravel10/cavely-stable/vendor/laravel/framework/src/Illuminate/Pipeline/Pipeline.php(144): Illuminate\\Foundation\\Http\\Kernel->{closure:Illuminate\\Foundation\\Http\\Kernel::dispatchToRouter():197}()
#30 /var/www/html/laravel10/cavely-stable/vendor/laravel/framework/src/Illuminate/Foundation/Http/Middleware/TransformsRequest.php(21): Illuminate\\Pipeline\\Pipeline->{closure:Illuminate\\Pipeline\\Pipeline::prepareDestination():142}()
#31 /var/www/html/laravel10/cavely-stable/vendor/laravel/framework/src/Illuminate/Foundation/Http/Middleware/ConvertEmptyStringsToNull.php(31): Illuminate\\Foundation\\Http\\Middleware\\TransformsRequest->handle()
#32 /var/www/html/laravel10/cavely-stable/vendor/laravel/framework/src/Illuminate/Pipeline/Pipeline.php(183): Illuminate\\Foundation\\Http\\Middleware\\ConvertEmptyStringsToNull->handle()
#33 /var/www/html/laravel10/cavely-stable/vendor/laravel/framework/src/Illuminate/Foundation/Http/Middleware/TransformsRequest.php(21): Illuminate\\Pipeline\\Pipeline->{closure:{closure:Illuminate\\Pipeline\\Pipeline::carry():158}:159}()
#34 /var/www/html/laravel10/cavely-stable/vendor/laravel/framework/src/Illuminate/Foundation/Http/Middleware/TrimStrings.php(40): Illuminate\\Foundation\\Http\\Middleware\\TransformsRequest->handle()
#35 /var/www/html/laravel10/cavely-stable/vendor/laravel/framework/src/Illuminate/Pipeline/Pipeline.php(183): Illuminate\\Foundation\\Http\\Middleware\\TrimStrings->handle()
#36 /var/www/html/laravel10/cavely-stable/vendor/laravel/framework/src/Illuminate/Foundation/Http/Middleware/ValidatePostSize.php(27): Illuminate\\Pipeline\\Pipeline->{closure:{closure:Illuminate\\Pipeline\\Pipeline::carry():158}:159}()
#37 /var/www/html/laravel10/cavely-stable/vendor/laravel/framework/src/Illuminate/Pipeline/Pipeline.php(183): Illuminate\\Foundation\\Http\\Middleware\\ValidatePostSize->handle()
#38 /var/www/html/laravel10/cavely-stable/vendor/laravel/framework/src/Illuminate/Foundation/Http/Middleware/PreventRequestsDuringMaintenance.php(99): Illuminate\\Pipeline\\Pipeline->{closure:{closure:Illuminate\\Pipeline\\Pipeline::carry():158}:159}()
#39 /var/www/html/laravel10/cavely-stable/vendor/laravel/framework/src/Illuminate/Pipeline/Pipeline.php(183): Illuminate\\Foundation\\Http\\Middleware\\PreventRequestsDuringMaintenance->handle()
#40 /var/www/html/laravel10/cavely-stable/vendor/laravel/framework/src/Illuminate/Http/Middleware/HandleCors.php(49): Illuminate\\Pipeline\\Pipeline->{closure:{closure:Illuminate\\Pipeline\\Pipeline::carry():158}:159}()
#41 /var/www/html/laravel10/cavely-stable/vendor/laravel/framework/src/Illuminate/Pipeline/Pipeline.php(183): Illuminate\\Http\\Middleware\\HandleCors->handle()
#42 /var/www/html/laravel10/cavely-stable/vendor/laravel/framework/src/Illuminate/Http/Middleware/TrustProxies.php(39): Illuminate\\Pipeline\\Pipeline->{closure:{closure:Illuminate\\Pipeline\\Pipeline::carry():158}:159}()
#43 /var/www/html/laravel10/cavely-stable/vendor/laravel/framework/src/Illuminate/Pipeline/Pipeline.php(183): Illuminate\\Http\\Middleware\\TrustProxies->handle()
#44 /var/www/html/laravel10/cavely-stable/vendor/laravel/framework/src/Illuminate/Pipeline/Pipeline.php(119): Illuminate\\Pipeline\\Pipeline->{closure:{closure:Illuminate\\Pipeline\\Pipeline::carry():158}:159}()
#45 /var/www/html/laravel10/cavely-stable/vendor/laravel/framework/src/Illuminate/Foundation/Http/Kernel.php(175): Illuminate\\Pipeline\\Pipeline->then()
#46 /var/www/html/laravel10/cavely-stable/vendor/laravel/framework/src/Illuminate/Foundation/Http/Kernel.php(144): Illuminate\\Foundation\\Http\\Kernel->sendRequestThroughRouter()
#47 /var/www/html/laravel10/cavely-stable/public/index.php(51): Illuminate\\Foundation\\Http\\Kernel->handle()
#48 /var/www/html/laravel10/cavely-stable/vendor/laravel/framework/src/Illuminate/Foundation/resources/server.php(16): require_once('...')
#49 {main}
"} 
[2025-06-08 08:56:59] local.ERROR: foreach() argument must be of type array|object, null given {"userId":1,"exception":"[object] (ErrorException(code: 0): foreach() argument must be of type array|object, null given at /var/www/html/laravel10/cavely-stable/app/Http/Controllers/CheckoutController.php:83)
[stacktrace]
#0 /var/www/html/laravel10/cavely-stable/vendor/laravel/framework/src/Illuminate/Foundation/Bootstrap/HandleExceptions.php(255): Illuminate\\Foundation\\Bootstrap\\HandleExceptions->handleError()
#1 /var/www/html/laravel10/cavely-stable/app/Http/Controllers/CheckoutController.php(83): Illuminate\\Foundation\\Bootstrap\\HandleExceptions->{closure:Illuminate\\Foundation\\Bootstrap\\HandleExceptions::forwardsTo():254}()
#2 /var/www/html/laravel10/cavely-stable/vendor/laravel/framework/src/Illuminate/Routing/Controller.php(54): App\\Http\\Controllers\\CheckoutController->store()
#3 /var/www/html/laravel10/cavely-stable/vendor/laravel/framework/src/Illuminate/Routing/ControllerDispatcher.php(43): Illuminate\\Routing\\Controller->callAction()
#4 /var/www/html/laravel10/cavely-stable/vendor/laravel/framework/src/Illuminate/Routing/Route.php(259): Illuminate\\Routing\\ControllerDispatcher->dispatch()
#5 /var/www/html/laravel10/cavely-stable/vendor/laravel/framework/src/Illuminate/Routing/Route.php(205): Illuminate\\Routing\\Route->runController()
#6 /var/www/html/laravel10/cavely-stable/vendor/laravel/framework/src/Illuminate/Routing/Router.php(806): Illuminate\\Routing\\Route->run()
#7 /var/www/html/laravel10/cavely-stable/vendor/laravel/framework/src/Illuminate/Pipeline/Pipeline.php(144): Illuminate\\Routing\\Router->{closure:Illuminate\\Routing\\Router::runRouteWithinStack():805}()
#8 /var/www/html/laravel10/cavely-stable/vendor/laravel/framework/src/Illuminate/Routing/Middleware/SubstituteBindings.php(50): Illuminate\\Pipeline\\Pipeline->{closure:Illuminate\\Pipeline\\Pipeline::prepareDestination():142}()
#9 /var/www/html/laravel10/cavely-stable/vendor/laravel/framework/src/Illuminate/Pipeline/Pipeline.php(183): Illuminate\\Routing\\Middleware\\SubstituteBindings->handle()
#10 /var/www/html/laravel10/cavely-stable/vendor/laravel/framework/src/Illuminate/Auth/Middleware/Authenticate.php(57): Illuminate\\Pipeline\\Pipeline->{closure:{closure:Illuminate\\Pipeline\\Pipeline::carry():158}:159}()
#11 /var/www/html/laravel10/cavely-stable/vendor/laravel/framework/src/Illuminate/Pipeline/Pipeline.php(183): Illuminate\\Auth\\Middleware\\Authenticate->handle()
#12 /var/www/html/laravel10/cavely-stable/vendor/laravel/framework/src/Illuminate/Foundation/Http/Middleware/VerifyCsrfToken.php(78): Illuminate\\Pipeline\\Pipeline->{closure:{closure:Illuminate\\Pipeline\\Pipeline::carry():158}:159}()
#13 /var/www/html/laravel10/cavely-stable/vendor/laravel/framework/src/Illuminate/Pipeline/Pipeline.php(183): Illuminate\\Foundation\\Http\\Middleware\\VerifyCsrfToken->handle()
#14 /var/www/html/laravel10/cavely-stable/vendor/laravel/framework/src/Illuminate/View/Middleware/ShareErrorsFromSession.php(49): Illuminate\\Pipeline\\Pipeline->{closure:{closure:Illuminate\\Pipeline\\Pipeline::carry():158}:159}()
#15 /var/www/html/laravel10/cavely-stable/vendor/laravel/framework/src/Illuminate/Pipeline/Pipeline.php(183): Illuminate\\View\\Middleware\\ShareErrorsFromSession->handle()
#16 /var/www/html/laravel10/cavely-stable/vendor/laravel/framework/src/Illuminate/Session/Middleware/StartSession.php(121): Illuminate\\Pipeline\\Pipeline->{closure:{closure:Illuminate\\Pipeline\\Pipeline::carry():158}:159}()
#17 /var/www/html/laravel10/cavely-stable/vendor/laravel/framework/src/Illuminate/Session/Middleware/StartSession.php(64): Illuminate\\Session\\Middleware\\StartSession->handleStatefulRequest()
#18 /var/www/html/laravel10/cavely-stable/vendor/laravel/framework/src/Illuminate/Pipeline/Pipeline.php(183): Illuminate\\Session\\Middleware\\StartSession->handle()
#19 /var/www/html/laravel10/cavely-stable/vendor/laravel/framework/src/Illuminate/Cookie/Middleware/AddQueuedCookiesToResponse.php(37): Illuminate\\Pipeline\\Pipeline->{closure:{closure:Illuminate\\Pipeline\\Pipeline::carry():158}:159}()
#20 /var/www/html/laravel10/cavely-stable/vendor/laravel/framework/src/Illuminate/Pipeline/Pipeline.php(183): Illuminate\\Cookie\\Middleware\\AddQueuedCookiesToResponse->handle()
#21 /var/www/html/laravel10/cavely-stable/vendor/laravel/framework/src/Illuminate/Cookie/Middleware/EncryptCookies.php(67): Illuminate\\Pipeline\\Pipeline->{closure:{closure:Illuminate\\Pipeline\\Pipeline::carry():158}:159}()
#22 /var/www/html/laravel10/cavely-stable/vendor/laravel/framework/src/Illuminate/Pipeline/Pipeline.php(183): Illuminate\\Cookie\\Middleware\\EncryptCookies->handle()
#23 /var/www/html/laravel10/cavely-stable/vendor/laravel/framework/src/Illuminate/Pipeline/Pipeline.php(119): Illuminate\\Pipeline\\Pipeline->{closure:{closure:Illuminate\\Pipeline\\Pipeline::carry():158}:159}()
#24 /var/www/html/laravel10/cavely-stable/vendor/laravel/framework/src/Illuminate/Routing/Router.php(805): Illuminate\\Pipeline\\Pipeline->then()
#25 /var/www/html/laravel10/cavely-stable/vendor/laravel/framework/src/Illuminate/Routing/Router.php(784): Illuminate\\Routing\\Router->runRouteWithinStack()
#26 /var/www/html/laravel10/cavely-stable/vendor/laravel/framework/src/Illuminate/Routing/Router.php(748): Illuminate\\Routing\\Router->runRoute()
#27 /var/www/html/laravel10/cavely-stable/vendor/laravel/framework/src/Illuminate/Routing/Router.php(737): Illuminate\\Routing\\Router->dispatchToRoute()
#28 /var/www/html/laravel10/cavely-stable/vendor/laravel/framework/src/Illuminate/Foundation/Http/Kernel.php(200): Illuminate\\Routing\\Router->dispatch()
#29 /var/www/html/laravel10/cavely-stable/vendor/laravel/framework/src/Illuminate/Pipeline/Pipeline.php(144): Illuminate\\Foundation\\Http\\Kernel->{closure:Illuminate\\Foundation\\Http\\Kernel::dispatchToRouter():197}()
#30 /var/www/html/laravel10/cavely-stable/vendor/laravel/framework/src/Illuminate/Foundation/Http/Middleware/TransformsRequest.php(21): Illuminate\\Pipeline\\Pipeline->{closure:Illuminate\\Pipeline\\Pipeline::prepareDestination():142}()
#31 /var/www/html/laravel10/cavely-stable/vendor/laravel/framework/src/Illuminate/Foundation/Http/Middleware/ConvertEmptyStringsToNull.php(31): Illuminate\\Foundation\\Http\\Middleware\\TransformsRequest->handle()
#32 /var/www/html/laravel10/cavely-stable/vendor/laravel/framework/src/Illuminate/Pipeline/Pipeline.php(183): Illuminate\\Foundation\\Http\\Middleware\\ConvertEmptyStringsToNull->handle()
#33 /var/www/html/laravel10/cavely-stable/vendor/laravel/framework/src/Illuminate/Foundation/Http/Middleware/TransformsRequest.php(21): Illuminate\\Pipeline\\Pipeline->{closure:{closure:Illuminate\\Pipeline\\Pipeline::carry():158}:159}()
#34 /var/www/html/laravel10/cavely-stable/vendor/laravel/framework/src/Illuminate/Foundation/Http/Middleware/TrimStrings.php(40): Illuminate\\Foundation\\Http\\Middleware\\TransformsRequest->handle()
#35 /var/www/html/laravel10/cavely-stable/vendor/laravel/framework/src/Illuminate/Pipeline/Pipeline.php(183): Illuminate\\Foundation\\Http\\Middleware\\TrimStrings->handle()
#36 /var/www/html/laravel10/cavely-stable/vendor/laravel/framework/src/Illuminate/Foundation/Http/Middleware/ValidatePostSize.php(27): Illuminate\\Pipeline\\Pipeline->{closure:{closure:Illuminate\\Pipeline\\Pipeline::carry():158}:159}()
#37 /var/www/html/laravel10/cavely-stable/vendor/laravel/framework/src/Illuminate/Pipeline/Pipeline.php(183): Illuminate\\Foundation\\Http\\Middleware\\ValidatePostSize->handle()
#38 /var/www/html/laravel10/cavely-stable/vendor/laravel/framework/src/Illuminate/Foundation/Http/Middleware/PreventRequestsDuringMaintenance.php(99): Illuminate\\Pipeline\\Pipeline->{closure:{closure:Illuminate\\Pipeline\\Pipeline::carry():158}:159}()
#39 /var/www/html/laravel10/cavely-stable/vendor/laravel/framework/src/Illuminate/Pipeline/Pipeline.php(183): Illuminate\\Foundation\\Http\\Middleware\\PreventRequestsDuringMaintenance->handle()
#40 /var/www/html/laravel10/cavely-stable/vendor/laravel/framework/src/Illuminate/Http/Middleware/HandleCors.php(49): Illuminate\\Pipeline\\Pipeline->{closure:{closure:Illuminate\\Pipeline\\Pipeline::carry():158}:159}()
#41 /var/www/html/laravel10/cavely-stable/vendor/laravel/framework/src/Illuminate/Pipeline/Pipeline.php(183): Illuminate\\Http\\Middleware\\HandleCors->handle()
#42 /var/www/html/laravel10/cavely-stable/vendor/laravel/framework/src/Illuminate/Http/Middleware/TrustProxies.php(39): Illuminate\\Pipeline\\Pipeline->{closure:{closure:Illuminate\\Pipeline\\Pipeline::carry():158}:159}()
#43 /var/www/html/laravel10/cavely-stable/vendor/laravel/framework/src/Illuminate/Pipeline/Pipeline.php(183): Illuminate\\Http\\Middleware\\TrustProxies->handle()
#44 /var/www/html/laravel10/cavely-stable/vendor/laravel/framework/src/Illuminate/Pipeline/Pipeline.php(119): Illuminate\\Pipeline\\Pipeline->{closure:{closure:Illuminate\\Pipeline\\Pipeline::carry():158}:159}()
#45 /var/www/html/laravel10/cavely-stable/vendor/laravel/framework/src/Illuminate/Foundation/Http/Kernel.php(175): Illuminate\\Pipeline\\Pipeline->then()
#46 /var/www/html/laravel10/cavely-stable/vendor/laravel/framework/src/Illuminate/Foundation/Http/Kernel.php(144): Illuminate\\Foundation\\Http\\Kernel->sendRequestThroughRouter()
#47 /var/www/html/laravel10/cavely-stable/public/index.php(51): Illuminate\\Foundation\\Http\\Kernel->handle()
#48 /var/www/html/laravel10/cavely-stable/vendor/laravel/framework/src/Illuminate/Foundation/resources/server.php(16): require_once('...')
#49 {main}
"} 
[2025-06-17 14:34:14] local.ERROR: SQLSTATE[23000]: Integrity constraint violation: 1048 Column 'jumlah' cannot be null (Connection: mysql, SQL: insert into `carts` (`checkouts_id`, `users_id`, `games_id`, `jumlah`) values (?, 3, 1, ?)) {"userId":3,"exception":"[object] (Illuminate\\Database\\QueryException(code: 23000): SQLSTATE[23000]: Integrity constraint violation: 1048 Column 'jumlah' cannot be null (Connection: mysql, SQL: insert into `carts` (`checkouts_id`, `users_id`, `games_id`, `jumlah`) values (?, 3, 1, ?)) at /var/www/html/laravel10/cavely-stable/vendor/laravel/framework/src/Illuminate/Database/Connection.php:829)
[stacktrace]
#0 /var/www/html/laravel10/cavely-stable/vendor/laravel/framework/src/Illuminate/Database/Connection.php(783): Illuminate\\Database\\Connection->runQueryCallback()
#1 /var/www/html/laravel10/cavely-stable/vendor/laravel/framework/src/Illuminate/Database/MySqlConnection.php(34): Illuminate\\Database\\Connection->run()
#2 /var/www/html/laravel10/cavely-stable/vendor/laravel/framework/src/Illuminate/Database/Query/Processors/MySqlProcessor.php(35): Illuminate\\Database\\MySqlConnection->insert()
#3 /var/www/html/laravel10/cavely-stable/vendor/laravel/framework/src/Illuminate/Database/Query/Builder.php(3549): Illuminate\\Database\\Query\\Processors\\MySqlProcessor->processInsertGetId()
#4 /var/www/html/laravel10/cavely-stable/vendor/laravel/framework/src/Illuminate/Database/Eloquent/Builder.php(1982): Illuminate\\Database\\Query\\Builder->insertGetId()
#5 /var/www/html/laravel10/cavely-stable/vendor/laravel/framework/src/Illuminate/Database/Eloquent/Model.php(1334): Illuminate\\Database\\Eloquent\\Builder->__call()
#6 /var/www/html/laravel10/cavely-stable/vendor/laravel/framework/src/Illuminate/Database/Eloquent/Model.php(1299): Illuminate\\Database\\Eloquent\\Model->insertAndSetId()
#7 /var/www/html/laravel10/cavely-stable/vendor/laravel/framework/src/Illuminate/Database/Eloquent/Model.php(1138): Illuminate\\Database\\Eloquent\\Model->performInsert()
#8 /var/www/html/laravel10/cavely-stable/vendor/laravel/framework/src/Illuminate/Database/Eloquent/Builder.php(1025): Illuminate\\Database\\Eloquent\\Model->save()
#9 /var/www/html/laravel10/cavely-stable/vendor/laravel/framework/src/Illuminate/Support/helpers.php(320): Illuminate\\Database\\Eloquent\\Builder->{closure:Illuminate\\Database\\Eloquent\\Builder::create():1024}()
#10 /var/www/html/laravel10/cavely-stable/vendor/laravel/framework/src/Illuminate/Database/Eloquent/Builder.php(1024): tap()
#11 /var/www/html/laravel10/cavely-stable/vendor/laravel/framework/src/Illuminate/Support/Traits/ForwardsCalls.php(23): Illuminate\\Database\\Eloquent\\Builder->create()
#12 /var/www/html/laravel10/cavely-stable/vendor/laravel/framework/src/Illuminate/Database/Eloquent/Model.php(2335): Illuminate\\Database\\Eloquent\\Model->forwardCallTo()
#13 /var/www/html/laravel10/cavely-stable/vendor/laravel/framework/src/Illuminate/Database/Eloquent/Model.php(2347): Illuminate\\Database\\Eloquent\\Model->__call()
#14 /var/www/html/laravel10/cavely-stable/app/Http/Controllers/frontendCartController.php(56): Illuminate\\Database\\Eloquent\\Model::__callStatic()
#15 /var/www/html/laravel10/cavely-stable/vendor/laravel/framework/src/Illuminate/Routing/Controller.php(54): App\\Http\\Controllers\\frontendCartController->store()
#16 /var/www/html/laravel10/cavely-stable/vendor/laravel/framework/src/Illuminate/Routing/ControllerDispatcher.php(43): Illuminate\\Routing\\Controller->callAction()
#17 /var/www/html/laravel10/cavely-stable/vendor/laravel/framework/src/Illuminate/Routing/Route.php(259): Illuminate\\Routing\\ControllerDispatcher->dispatch()
#18 /var/www/html/laravel10/cavely-stable/vendor/laravel/framework/src/Illuminate/Routing/Route.php(205): Illuminate\\Routing\\Route->runController()
#19 /var/www/html/laravel10/cavely-stable/vendor/laravel/framework/src/Illuminate/Routing/Router.php(806): Illuminate\\Routing\\Route->run()
#20 /var/www/html/laravel10/cavely-stable/vendor/laravel/framework/src/Illuminate/Pipeline/Pipeline.php(144): Illuminate\\Routing\\Router->{closure:Illuminate\\Routing\\Router::runRouteWithinStack():805}()
#21 /var/www/html/laravel10/cavely-stable/vendor/laravel/framework/src/Illuminate/Routing/Middleware/SubstituteBindings.php(50): Illuminate\\Pipeline\\Pipeline->{closure:Illuminate\\Pipeline\\Pipeline::prepareDestination():142}()
#22 /var/www/html/laravel10/cavely-stable/vendor/laravel/framework/src/Illuminate/Pipeline/Pipeline.php(183): Illuminate\\Routing\\Middleware\\SubstituteBindings->handle()
#23 /var/www/html/laravel10/cavely-stable/vendor/laravel/framework/src/Illuminate/Auth/Middleware/Authenticate.php(57): Illuminate\\Pipeline\\Pipeline->{closure:{closure:Illuminate\\Pipeline\\Pipeline::carry():158}:159}()
#24 /var/www/html/laravel10/cavely-stable/vendor/laravel/framework/src/Illuminate/Pipeline/Pipeline.php(183): Illuminate\\Auth\\Middleware\\Authenticate->handle()
#25 /var/www/html/laravel10/cavely-stable/vendor/laravel/framework/src/Illuminate/Foundation/Http/Middleware/VerifyCsrfToken.php(78): Illuminate\\Pipeline\\Pipeline->{closure:{closure:Illuminate\\Pipeline\\Pipeline::carry():158}:159}()
#26 /var/www/html/laravel10/cavely-stable/vendor/laravel/framework/src/Illuminate/Pipeline/Pipeline.php(183): Illuminate\\Foundation\\Http\\Middleware\\VerifyCsrfToken->handle()
#27 /var/www/html/laravel10/cavely-stable/vendor/laravel/framework/src/Illuminate/View/Middleware/ShareErrorsFromSession.php(49): Illuminate\\Pipeline\\Pipeline->{closure:{closure:Illuminate\\Pipeline\\Pipeline::carry():158}:159}()
#28 /var/www/html/laravel10/cavely-stable/vendor/laravel/framework/src/Illuminate/Pipeline/Pipeline.php(183): Illuminate\\View\\Middleware\\ShareErrorsFromSession->handle()
#29 /var/www/html/laravel10/cavely-stable/vendor/laravel/framework/src/Illuminate/Session/Middleware/StartSession.php(121): Illuminate\\Pipeline\\Pipeline->{closure:{closure:Illuminate\\Pipeline\\Pipeline::carry():158}:159}()
#30 /var/www/html/laravel10/cavely-stable/vendor/laravel/framework/src/Illuminate/Session/Middleware/StartSession.php(64): Illuminate\\Session\\Middleware\\StartSession->handleStatefulRequest()
#31 /var/www/html/laravel10/cavely-stable/vendor/laravel/framework/src/Illuminate/Pipeline/Pipeline.php(183): Illuminate\\Session\\Middleware\\StartSession->handle()
#32 /var/www/html/laravel10/cavely-stable/vendor/laravel/framework/src/Illuminate/Cookie/Middleware/AddQueuedCookiesToResponse.php(37): Illuminate\\Pipeline\\Pipeline->{closure:{closure:Illuminate\\Pipeline\\Pipeline::carry():158}:159}()
#33 /var/www/html/laravel10/cavely-stable/vendor/laravel/framework/src/Illuminate/Pipeline/Pipeline.php(183): Illuminate\\Cookie\\Middleware\\AddQueuedCookiesToResponse->handle()
#34 /var/www/html/laravel10/cavely-stable/vendor/laravel/framework/src/Illuminate/Cookie/Middleware/EncryptCookies.php(67): Illuminate\\Pipeline\\Pipeline->{closure:{closure:Illuminate\\Pipeline\\Pipeline::carry():158}:159}()
#35 /var/www/html/laravel10/cavely-stable/vendor/laravel/framework/src/Illuminate/Pipeline/Pipeline.php(183): Illuminate\\Cookie\\Middleware\\EncryptCookies->handle()
#36 /var/www/html/laravel10/cavely-stable/vendor/laravel/framework/src/Illuminate/Pipeline/Pipeline.php(119): Illuminate\\Pipeline\\Pipeline->{closure:{closure:Illuminate\\Pipeline\\Pipeline::carry():158}:159}()
#37 /var/www/html/laravel10/cavely-stable/vendor/laravel/framework/src/Illuminate/Routing/Router.php(805): Illuminate\\Pipeline\\Pipeline->then()
#38 /var/www/html/laravel10/cavely-stable/vendor/laravel/framework/src/Illuminate/Routing/Router.php(784): Illuminate\\Routing\\Router->runRouteWithinStack()
#39 /var/www/html/laravel10/cavely-stable/vendor/laravel/framework/src/Illuminate/Routing/Router.php(748): Illuminate\\Routing\\Router->runRoute()
#40 /var/www/html/laravel10/cavely-stable/vendor/laravel/framework/src/Illuminate/Routing/Router.php(737): Illuminate\\Routing\\Router->dispatchToRoute()
#41 /var/www/html/laravel10/cavely-stable/vendor/laravel/framework/src/Illuminate/Foundation/Http/Kernel.php(200): Illuminate\\Routing\\Router->dispatch()
#42 /var/www/html/laravel10/cavely-stable/vendor/laravel/framework/src/Illuminate/Pipeline/Pipeline.php(144): Illuminate\\Foundation\\Http\\Kernel->{closure:Illuminate\\Foundation\\Http\\Kernel::dispatchToRouter():197}()
#43 /var/www/html/laravel10/cavely-stable/vendor/laravel/framework/src/Illuminate/Foundation/Http/Middleware/TransformsRequest.php(21): Illuminate\\Pipeline\\Pipeline->{closure:Illuminate\\Pipeline\\Pipeline::prepareDestination():142}()
#44 /var/www/html/laravel10/cavely-stable/vendor/laravel/framework/src/Illuminate/Foundation/Http/Middleware/ConvertEmptyStringsToNull.php(31): Illuminate\\Foundation\\Http\\Middleware\\TransformsRequest->handle()
#45 /var/www/html/laravel10/cavely-stable/vendor/laravel/framework/src/Illuminate/Pipeline/Pipeline.php(183): Illuminate\\Foundation\\Http\\Middleware\\ConvertEmptyStringsToNull->handle()
#46 /var/www/html/laravel10/cavely-stable/vendor/laravel/framework/src/Illuminate/Foundation/Http/Middleware/TransformsRequest.php(21): Illuminate\\Pipeline\\Pipeline->{closure:{closure:Illuminate\\Pipeline\\Pipeline::carry():158}:159}()
#47 /var/www/html/laravel10/cavely-stable/vendor/laravel/framework/src/Illuminate/Foundation/Http/Middleware/TrimStrings.php(40): Illuminate\\Foundation\\Http\\Middleware\\TransformsRequest->handle()
#48 /var/www/html/laravel10/cavely-stable/vendor/laravel/framework/src/Illuminate/Pipeline/Pipeline.php(183): Illuminate\\Foundation\\Http\\Middleware\\TrimStrings->handle()
#49 /var/www/html/laravel10/cavely-stable/vendor/laravel/framework/src/Illuminate/Foundation/Http/Middleware/ValidatePostSize.php(27): Illuminate\\Pipeline\\Pipeline->{closure:{closure:Illuminate\\Pipeline\\Pipeline::carry():158}:159}()
#50 /var/www/html/laravel10/cavely-stable/vendor/laravel/framework/src/Illuminate/Pipeline/Pipeline.php(183): Illuminate\\Foundation\\Http\\Middleware\\ValidatePostSize->handle()
#51 /var/www/html/laravel10/cavely-stable/vendor/laravel/framework/src/Illuminate/Foundation/Http/Middleware/PreventRequestsDuringMaintenance.php(99): Illuminate\\Pipeline\\Pipeline->{closure:{closure:Illuminate\\Pipeline\\Pipeline::carry():158}:159}()
#52 /var/www/html/laravel10/cavely-stable/vendor/laravel/framework/src/Illuminate/Pipeline/Pipeline.php(183): Illuminate\\Foundation\\Http\\Middleware\\PreventRequestsDuringMaintenance->handle()
#53 /var/www/html/laravel10/cavely-stable/vendor/laravel/framework/src/Illuminate/Http/Middleware/HandleCors.php(49): Illuminate\\Pipeline\\Pipeline->{closure:{closure:Illuminate\\Pipeline\\Pipeline::carry():158}:159}()
#54 /var/www/html/laravel10/cavely-stable/vendor/laravel/framework/src/Illuminate/Pipeline/Pipeline.php(183): Illuminate\\Http\\Middleware\\HandleCors->handle()
#55 /var/www/html/laravel10/cavely-stable/vendor/laravel/framework/src/Illuminate/Http/Middleware/TrustProxies.php(39): Illuminate\\Pipeline\\Pipeline->{closure:{closure:Illuminate\\Pipeline\\Pipeline::carry():158}:159}()
#56 /var/www/html/laravel10/cavely-stable/vendor/laravel/framework/src/Illuminate/Pipeline/Pipeline.php(183): Illuminate\\Http\\Middleware\\TrustProxies->handle()
#57 /var/www/html/laravel10/cavely-stable/vendor/laravel/framework/src/Illuminate/Pipeline/Pipeline.php(119): Illuminate\\Pipeline\\Pipeline->{closure:{closure:Illuminate\\Pipeline\\Pipeline::carry():158}:159}()
#58 /var/www/html/laravel10/cavely-stable/vendor/laravel/framework/src/Illuminate/Foundation/Http/Kernel.php(175): Illuminate\\Pipeline\\Pipeline->then()
#59 /var/www/html/laravel10/cavely-stable/vendor/laravel/framework/src/Illuminate/Foundation/Http/Kernel.php(144): Illuminate\\Foundation\\Http\\Kernel->sendRequestThroughRouter()
#60 /var/www/html/laravel10/cavely-stable/public/index.php(51): Illuminate\\Foundation\\Http\\Kernel->handle()
#61 /var/www/html/laravel10/cavely-stable/vendor/laravel/framework/src/Illuminate/Foundation/resources/server.php(16): require_once('...')
#62 {main}

[previous exception] [object] (PDOException(code: 23000): SQLSTATE[23000]: Integrity constraint violation: 1048 Column 'jumlah' cannot be null at /var/www/html/laravel10/cavely-stable/vendor/laravel/framework/src/Illuminate/Database/MySqlConnection.php:45)
[stacktrace]
#0 /var/www/html/laravel10/cavely-stable/vendor/laravel/framework/src/Illuminate/Database/MySqlConnection.php(45): PDOStatement->execute()
#1 /var/www/html/laravel10/cavely-stable/vendor/laravel/framework/src/Illuminate/Database/Connection.php(816): Illuminate\\Database\\MySqlConnection->{closure:Illuminate\\Database\\MySqlConnection::insert():34}()
#2 /var/www/html/laravel10/cavely-stable/vendor/laravel/framework/src/Illuminate/Database/Connection.php(783): Illuminate\\Database\\Connection->runQueryCallback()
#3 /var/www/html/laravel10/cavely-stable/vendor/laravel/framework/src/Illuminate/Database/MySqlConnection.php(34): Illuminate\\Database\\Connection->run()
#4 /var/www/html/laravel10/cavely-stable/vendor/laravel/framework/src/Illuminate/Database/Query/Processors/MySqlProcessor.php(35): Illuminate\\Database\\MySqlConnection->insert()
#5 /var/www/html/laravel10/cavely-stable/vendor/laravel/framework/src/Illuminate/Database/Query/Builder.php(3549): Illuminate\\Database\\Query\\Processors\\MySqlProcessor->processInsertGetId()
#6 /var/www/html/laravel10/cavely-stable/vendor/laravel/framework/src/Illuminate/Database/Eloquent/Builder.php(1982): Illuminate\\Database\\Query\\Builder->insertGetId()
#7 /var/www/html/laravel10/cavely-stable/vendor/laravel/framework/src/Illuminate/Database/Eloquent/Model.php(1334): Illuminate\\Database\\Eloquent\\Builder->__call()
#8 /var/www/html/laravel10/cavely-stable/vendor/laravel/framework/src/Illuminate/Database/Eloquent/Model.php(1299): Illuminate\\Database\\Eloquent\\Model->insertAndSetId()
#9 /var/www/html/laravel10/cavely-stable/vendor/laravel/framework/src/Illuminate/Database/Eloquent/Model.php(1138): Illuminate\\Database\\Eloquent\\Model->performInsert()
#10 /var/www/html/laravel10/cavely-stable/vendor/laravel/framework/src/Illuminate/Database/Eloquent/Builder.php(1025): Illuminate\\Database\\Eloquent\\Model->save()
#11 /var/www/html/laravel10/cavely-stable/vendor/laravel/framework/src/Illuminate/Support/helpers.php(320): Illuminate\\Database\\Eloquent\\Builder->{closure:Illuminate\\Database\\Eloquent\\Builder::create():1024}()
#12 /var/www/html/laravel10/cavely-stable/vendor/laravel/framework/src/Illuminate/Database/Eloquent/Builder.php(1024): tap()
#13 /var/www/html/laravel10/cavely-stable/vendor/laravel/framework/src/Illuminate/Support/Traits/ForwardsCalls.php(23): Illuminate\\Database\\Eloquent\\Builder->create()
#14 /var/www/html/laravel10/cavely-stable/vendor/laravel/framework/src/Illuminate/Database/Eloquent/Model.php(2335): Illuminate\\Database\\Eloquent\\Model->forwardCallTo()
#15 /var/www/html/laravel10/cavely-stable/vendor/laravel/framework/src/Illuminate/Database/Eloquent/Model.php(2347): Illuminate\\Database\\Eloquent\\Model->__call()
#16 /var/www/html/laravel10/cavely-stable/app/Http/Controllers/frontendCartController.php(56): Illuminate\\Database\\Eloquent\\Model::__callStatic()
#17 /var/www/html/laravel10/cavely-stable/vendor/laravel/framework/src/Illuminate/Routing/Controller.php(54): App\\Http\\Controllers\\frontendCartController->store()
#18 /var/www/html/laravel10/cavely-stable/vendor/laravel/framework/src/Illuminate/Routing/ControllerDispatcher.php(43): Illuminate\\Routing\\Controller->callAction()
#19 /var/www/html/laravel10/cavely-stable/vendor/laravel/framework/src/Illuminate/Routing/Route.php(259): Illuminate\\Routing\\ControllerDispatcher->dispatch()
#20 /var/www/html/laravel10/cavely-stable/vendor/laravel/framework/src/Illuminate/Routing/Route.php(205): Illuminate\\Routing\\Route->runController()
#21 /var/www/html/laravel10/cavely-stable/vendor/laravel/framework/src/Illuminate/Routing/Router.php(806): Illuminate\\Routing\\Route->run()
#22 /var/www/html/laravel10/cavely-stable/vendor/laravel/framework/src/Illuminate/Pipeline/Pipeline.php(144): Illuminate\\Routing\\Router->{closure:Illuminate\\Routing\\Router::runRouteWithinStack():805}()
#23 /var/www/html/laravel10/cavely-stable/vendor/laravel/framework/src/Illuminate/Routing/Middleware/SubstituteBindings.php(50): Illuminate\\Pipeline\\Pipeline->{closure:Illuminate\\Pipeline\\Pipeline::prepareDestination():142}()
#24 /var/www/html/laravel10/cavely-stable/vendor/laravel/framework/src/Illuminate/Pipeline/Pipeline.php(183): Illuminate\\Routing\\Middleware\\SubstituteBindings->handle()
#25 /var/www/html/laravel10/cavely-stable/vendor/laravel/framework/src/Illuminate/Auth/Middleware/Authenticate.php(57): Illuminate\\Pipeline\\Pipeline->{closure:{closure:Illuminate\\Pipeline\\Pipeline::carry():158}:159}()
#26 /var/www/html/laravel10/cavely-stable/vendor/laravel/framework/src/Illuminate/Pipeline/Pipeline.php(183): Illuminate\\Auth\\Middleware\\Authenticate->handle()
#27 /var/www/html/laravel10/cavely-stable/vendor/laravel/framework/src/Illuminate/Foundation/Http/Middleware/VerifyCsrfToken.php(78): Illuminate\\Pipeline\\Pipeline->{closure:{closure:Illuminate\\Pipeline\\Pipeline::carry():158}:159}()
#28 /var/www/html/laravel10/cavely-stable/vendor/laravel/framework/src/Illuminate/Pipeline/Pipeline.php(183): Illuminate\\Foundation\\Http\\Middleware\\VerifyCsrfToken->handle()
#29 /var/www/html/laravel10/cavely-stable/vendor/laravel/framework/src/Illuminate/View/Middleware/ShareErrorsFromSession.php(49): Illuminate\\Pipeline\\Pipeline->{closure:{closure:Illuminate\\Pipeline\\Pipeline::carry():158}:159}()
#30 /var/www/html/laravel10/cavely-stable/vendor/laravel/framework/src/Illuminate/Pipeline/Pipeline.php(183): Illuminate\\View\\Middleware\\ShareErrorsFromSession->handle()
#31 /var/www/html/laravel10/cavely-stable/vendor/laravel/framework/src/Illuminate/Session/Middleware/StartSession.php(121): Illuminate\\Pipeline\\Pipeline->{closure:{closure:Illuminate\\Pipeline\\Pipeline::carry():158}:159}()
#32 /var/www/html/laravel10/cavely-stable/vendor/laravel/framework/src/Illuminate/Session/Middleware/StartSession.php(64): Illuminate\\Session\\Middleware\\StartSession->handleStatefulRequest()
#33 /var/www/html/laravel10/cavely-stable/vendor/laravel/framework/src/Illuminate/Pipeline/Pipeline.php(183): Illuminate\\Session\\Middleware\\StartSession->handle()
#34 /var/www/html/laravel10/cavely-stable/vendor/laravel/framework/src/Illuminate/Cookie/Middleware/AddQueuedCookiesToResponse.php(37): Illuminate\\Pipeline\\Pipeline->{closure:{closure:Illuminate\\Pipeline\\Pipeline::carry():158}:159}()
#35 /var/www/html/laravel10/cavely-stable/vendor/laravel/framework/src/Illuminate/Pipeline/Pipeline.php(183): Illuminate\\Cookie\\Middleware\\AddQueuedCookiesToResponse->handle()
#36 /var/www/html/laravel10/cavely-stable/vendor/laravel/framework/src/Illuminate/Cookie/Middleware/EncryptCookies.php(67): Illuminate\\Pipeline\\Pipeline->{closure:{closure:Illuminate\\Pipeline\\Pipeline::carry():158}:159}()
#37 /var/www/html/laravel10/cavely-stable/vendor/laravel/framework/src/Illuminate/Pipeline/Pipeline.php(183): Illuminate\\Cookie\\Middleware\\EncryptCookies->handle()
#38 /var/www/html/laravel10/cavely-stable/vendor/laravel/framework/src/Illuminate/Pipeline/Pipeline.php(119): Illuminate\\Pipeline\\Pipeline->{closure:{closure:Illuminate\\Pipeline\\Pipeline::carry():158}:159}()
#39 /var/www/html/laravel10/cavely-stable/vendor/laravel/framework/src/Illuminate/Routing/Router.php(805): Illuminate\\Pipeline\\Pipeline->then()
#40 /var/www/html/laravel10/cavely-stable/vendor/laravel/framework/src/Illuminate/Routing/Router.php(784): Illuminate\\Routing\\Router->runRouteWithinStack()
#41 /var/www/html/laravel10/cavely-stable/vendor/laravel/framework/src/Illuminate/Routing/Router.php(748): Illuminate\\Routing\\Router->runRoute()
#42 /var/www/html/laravel10/cavely-stable/vendor/laravel/framework/src/Illuminate/Routing/Router.php(737): Illuminate\\Routing\\Router->dispatchToRoute()
#43 /var/www/html/laravel10/cavely-stable/vendor/laravel/framework/src/Illuminate/Foundation/Http/Kernel.php(200): Illuminate\\Routing\\Router->dispatch()
#44 /var/www/html/laravel10/cavely-stable/vendor/laravel/framework/src/Illuminate/Pipeline/Pipeline.php(144): Illuminate\\Foundation\\Http\\Kernel->{closure:Illuminate\\Foundation\\Http\\Kernel::dispatchToRouter():197}()
#45 /var/www/html/laravel10/cavely-stable/vendor/laravel/framework/src/Illuminate/Foundation/Http/Middleware/TransformsRequest.php(21): Illuminate\\Pipeline\\Pipeline->{closure:Illuminate\\Pipeline\\Pipeline::prepareDestination():142}()
#46 /var/www/html/laravel10/cavely-stable/vendor/laravel/framework/src/Illuminate/Foundation/Http/Middleware/ConvertEmptyStringsToNull.php(31): Illuminate\\Foundation\\Http\\Middleware\\TransformsRequest->handle()
#47 /var/www/html/laravel10/cavely-stable/vendor/laravel/framework/src/Illuminate/Pipeline/Pipeline.php(183): Illuminate\\Foundation\\Http\\Middleware\\ConvertEmptyStringsToNull->handle()
#48 /var/www/html/laravel10/cavely-stable/vendor/laravel/framework/src/Illuminate/Foundation/Http/Middleware/TransformsRequest.php(21): Illuminate\\Pipeline\\Pipeline->{closure:{closure:Illuminate\\Pipeline\\Pipeline::carry():158}:159}()
#49 /var/www/html/laravel10/cavely-stable/vendor/laravel/framework/src/Illuminate/Foundation/Http/Middleware/TrimStrings.php(40): Illuminate\\Foundation\\Http\\Middleware\\TransformsRequest->handle()
#50 /var/www/html/laravel10/cavely-stable/vendor/laravel/framework/src/Illuminate/Pipeline/Pipeline.php(183): Illuminate\\Foundation\\Http\\Middleware\\TrimStrings->handle()
#51 /var/www/html/laravel10/cavely-stable/vendor/laravel/framework/src/Illuminate/Foundation/Http/Middleware/ValidatePostSize.php(27): Illuminate\\Pipeline\\Pipeline->{closure:{closure:Illuminate\\Pipeline\\Pipeline::carry():158}:159}()
#52 /var/www/html/laravel10/cavely-stable/vendor/laravel/framework/src/Illuminate/Pipeline/Pipeline.php(183): Illuminate\\Foundation\\Http\\Middleware\\ValidatePostSize->handle()
#53 /var/www/html/laravel10/cavely-stable/vendor/laravel/framework/src/Illuminate/Foundation/Http/Middleware/PreventRequestsDuringMaintenance.php(99): Illuminate\\Pipeline\\Pipeline->{closure:{closure:Illuminate\\Pipeline\\Pipeline::carry():158}:159}()
#54 /var/www/html/laravel10/cavely-stable/vendor/laravel/framework/src/Illuminate/Pipeline/Pipeline.php(183): Illuminate\\Foundation\\Http\\Middleware\\PreventRequestsDuringMaintenance->handle()
#55 /var/www/html/laravel10/cavely-stable/vendor/laravel/framework/src/Illuminate/Http/Middleware/HandleCors.php(49): Illuminate\\Pipeline\\Pipeline->{closure:{closure:Illuminate\\Pipeline\\Pipeline::carry():158}:159}()
#56 /var/www/html/laravel10/cavely-stable/vendor/laravel/framework/src/Illuminate/Pipeline/Pipeline.php(183): Illuminate\\Http\\Middleware\\HandleCors->handle()
#57 /var/www/html/laravel10/cavely-stable/vendor/laravel/framework/src/Illuminate/Http/Middleware/TrustProxies.php(39): Illuminate\\Pipeline\\Pipeline->{closure:{closure:Illuminate\\Pipeline\\Pipeline::carry():158}:159}()
#58 /var/www/html/laravel10/cavely-stable/vendor/laravel/framework/src/Illuminate/Pipeline/Pipeline.php(183): Illuminate\\Http\\Middleware\\TrustProxies->handle()
#59 /var/www/html/laravel10/cavely-stable/vendor/laravel/framework/src/Illuminate/Pipeline/Pipeline.php(119): Illuminate\\Pipeline\\Pipeline->{closure:{closure:Illuminate\\Pipeline\\Pipeline::carry():158}:159}()
#60 /var/www/html/laravel10/cavely-stable/vendor/laravel/framework/src/Illuminate/Foundation/Http/Kernel.php(175): Illuminate\\Pipeline\\Pipeline->then()
#61 /var/www/html/laravel10/cavely-stable/vendor/laravel/framework/src/Illuminate/Foundation/Http/Kernel.php(144): Illuminate\\Foundation\\Http\\Kernel->sendRequestThroughRouter()
#62 /var/www/html/laravel10/cavely-stable/public/index.php(51): Illuminate\\Foundation\\Http\\Kernel->handle()
#63 /var/www/html/laravel10/cavely-stable/vendor/laravel/framework/src/Illuminate/Foundation/resources/server.php(16): require_once('...')
#64 {main}
"} 
[2025-06-17 14:36:47] local.ERROR: foreach() argument must be of type array|object, null given {"userId":1,"exception":"[object] (ErrorException(code: 0): foreach() argument must be of type array|object, null given at /var/www/html/laravel10/cavely-stable/app/Http/Controllers/CheckoutController.php:83)
[stacktrace]
#0 /var/www/html/laravel10/cavely-stable/vendor/laravel/framework/src/Illuminate/Foundation/Bootstrap/HandleExceptions.php(255): Illuminate\\Foundation\\Bootstrap\\HandleExceptions->handleError()
#1 /var/www/html/laravel10/cavely-stable/app/Http/Controllers/CheckoutController.php(83): Illuminate\\Foundation\\Bootstrap\\HandleExceptions->{closure:Illuminate\\Foundation\\Bootstrap\\HandleExceptions::forwardsTo():254}()
#2 /var/www/html/laravel10/cavely-stable/vendor/laravel/framework/src/Illuminate/Routing/Controller.php(54): App\\Http\\Controllers\\CheckoutController->store()
#3 /var/www/html/laravel10/cavely-stable/vendor/laravel/framework/src/Illuminate/Routing/ControllerDispatcher.php(43): Illuminate\\Routing\\Controller->callAction()
#4 /var/www/html/laravel10/cavely-stable/vendor/laravel/framework/src/Illuminate/Routing/Route.php(259): Illuminate\\Routing\\ControllerDispatcher->dispatch()
#5 /var/www/html/laravel10/cavely-stable/vendor/laravel/framework/src/Illuminate/Routing/Route.php(205): Illuminate\\Routing\\Route->runController()
#6 /var/www/html/laravel10/cavely-stable/vendor/laravel/framework/src/Illuminate/Routing/Router.php(806): Illuminate\\Routing\\Route->run()
#7 /var/www/html/laravel10/cavely-stable/vendor/laravel/framework/src/Illuminate/Pipeline/Pipeline.php(144): Illuminate\\Routing\\Router->{closure:Illuminate\\Routing\\Router::runRouteWithinStack():805}()
#8 /var/www/html/laravel10/cavely-stable/vendor/laravel/framework/src/Illuminate/Routing/Middleware/SubstituteBindings.php(50): Illuminate\\Pipeline\\Pipeline->{closure:Illuminate\\Pipeline\\Pipeline::prepareDestination():142}()
#9 /var/www/html/laravel10/cavely-stable/vendor/laravel/framework/src/Illuminate/Pipeline/Pipeline.php(183): Illuminate\\Routing\\Middleware\\SubstituteBindings->handle()
#10 /var/www/html/laravel10/cavely-stable/vendor/laravel/framework/src/Illuminate/Auth/Middleware/Authenticate.php(57): Illuminate\\Pipeline\\Pipeline->{closure:{closure:Illuminate\\Pipeline\\Pipeline::carry():158}:159}()
#11 /var/www/html/laravel10/cavely-stable/vendor/laravel/framework/src/Illuminate/Pipeline/Pipeline.php(183): Illuminate\\Auth\\Middleware\\Authenticate->handle()
#12 /var/www/html/laravel10/cavely-stable/vendor/laravel/framework/src/Illuminate/Foundation/Http/Middleware/VerifyCsrfToken.php(78): Illuminate\\Pipeline\\Pipeline->{closure:{closure:Illuminate\\Pipeline\\Pipeline::carry():158}:159}()
#13 /var/www/html/laravel10/cavely-stable/vendor/laravel/framework/src/Illuminate/Pipeline/Pipeline.php(183): Illuminate\\Foundation\\Http\\Middleware\\VerifyCsrfToken->handle()
#14 /var/www/html/laravel10/cavely-stable/vendor/laravel/framework/src/Illuminate/View/Middleware/ShareErrorsFromSession.php(49): Illuminate\\Pipeline\\Pipeline->{closure:{closure:Illuminate\\Pipeline\\Pipeline::carry():158}:159}()
#15 /var/www/html/laravel10/cavely-stable/vendor/laravel/framework/src/Illuminate/Pipeline/Pipeline.php(183): Illuminate\\View\\Middleware\\ShareErrorsFromSession->handle()
#16 /var/www/html/laravel10/cavely-stable/vendor/laravel/framework/src/Illuminate/Session/Middleware/StartSession.php(121): Illuminate\\Pipeline\\Pipeline->{closure:{closure:Illuminate\\Pipeline\\Pipeline::carry():158}:159}()
#17 /var/www/html/laravel10/cavely-stable/vendor/laravel/framework/src/Illuminate/Session/Middleware/StartSession.php(64): Illuminate\\Session\\Middleware\\StartSession->handleStatefulRequest()
#18 /var/www/html/laravel10/cavely-stable/vendor/laravel/framework/src/Illuminate/Pipeline/Pipeline.php(183): Illuminate\\Session\\Middleware\\StartSession->handle()
#19 /var/www/html/laravel10/cavely-stable/vendor/laravel/framework/src/Illuminate/Cookie/Middleware/AddQueuedCookiesToResponse.php(37): Illuminate\\Pipeline\\Pipeline->{closure:{closure:Illuminate\\Pipeline\\Pipeline::carry():158}:159}()
#20 /var/www/html/laravel10/cavely-stable/vendor/laravel/framework/src/Illuminate/Pipeline/Pipeline.php(183): Illuminate\\Cookie\\Middleware\\AddQueuedCookiesToResponse->handle()
#21 /var/www/html/laravel10/cavely-stable/vendor/laravel/framework/src/Illuminate/Cookie/Middleware/EncryptCookies.php(67): Illuminate\\Pipeline\\Pipeline->{closure:{closure:Illuminate\\Pipeline\\Pipeline::carry():158}:159}()
#22 /var/www/html/laravel10/cavely-stable/vendor/laravel/framework/src/Illuminate/Pipeline/Pipeline.php(183): Illuminate\\Cookie\\Middleware\\EncryptCookies->handle()
#23 /var/www/html/laravel10/cavely-stable/vendor/laravel/framework/src/Illuminate/Pipeline/Pipeline.php(119): Illuminate\\Pipeline\\Pipeline->{closure:{closure:Illuminate\\Pipeline\\Pipeline::carry():158}:159}()
#24 /var/www/html/laravel10/cavely-stable/vendor/laravel/framework/src/Illuminate/Routing/Router.php(805): Illuminate\\Pipeline\\Pipeline->then()
#25 /var/www/html/laravel10/cavely-stable/vendor/laravel/framework/src/Illuminate/Routing/Router.php(784): Illuminate\\Routing\\Router->runRouteWithinStack()
#26 /var/www/html/laravel10/cavely-stable/vendor/laravel/framework/src/Illuminate/Routing/Router.php(748): Illuminate\\Routing\\Router->runRoute()
#27 /var/www/html/laravel10/cavely-stable/vendor/laravel/framework/src/Illuminate/Routing/Router.php(737): Illuminate\\Routing\\Router->dispatchToRoute()
#28 /var/www/html/laravel10/cavely-stable/vendor/laravel/framework/src/Illuminate/Foundation/Http/Kernel.php(200): Illuminate\\Routing\\Router->dispatch()
#29 /var/www/html/laravel10/cavely-stable/vendor/laravel/framework/src/Illuminate/Pipeline/Pipeline.php(144): Illuminate\\Foundation\\Http\\Kernel->{closure:Illuminate\\Foundation\\Http\\Kernel::dispatchToRouter():197}()
#30 /var/www/html/laravel10/cavely-stable/vendor/laravel/framework/src/Illuminate/Foundation/Http/Middleware/TransformsRequest.php(21): Illuminate\\Pipeline\\Pipeline->{closure:Illuminate\\Pipeline\\Pipeline::prepareDestination():142}()
#31 /var/www/html/laravel10/cavely-stable/vendor/laravel/framework/src/Illuminate/Foundation/Http/Middleware/ConvertEmptyStringsToNull.php(31): Illuminate\\Foundation\\Http\\Middleware\\TransformsRequest->handle()
#32 /var/www/html/laravel10/cavely-stable/vendor/laravel/framework/src/Illuminate/Pipeline/Pipeline.php(183): Illuminate\\Foundation\\Http\\Middleware\\ConvertEmptyStringsToNull->handle()
#33 /var/www/html/laravel10/cavely-stable/vendor/laravel/framework/src/Illuminate/Foundation/Http/Middleware/TransformsRequest.php(21): Illuminate\\Pipeline\\Pipeline->{closure:{closure:Illuminate\\Pipeline\\Pipeline::carry():158}:159}()
#34 /var/www/html/laravel10/cavely-stable/vendor/laravel/framework/src/Illuminate/Foundation/Http/Middleware/TrimStrings.php(40): Illuminate\\Foundation\\Http\\Middleware\\TransformsRequest->handle()
#35 /var/www/html/laravel10/cavely-stable/vendor/laravel/framework/src/Illuminate/Pipeline/Pipeline.php(183): Illuminate\\Foundation\\Http\\Middleware\\TrimStrings->handle()
#36 /var/www/html/laravel10/cavely-stable/vendor/laravel/framework/src/Illuminate/Foundation/Http/Middleware/ValidatePostSize.php(27): Illuminate\\Pipeline\\Pipeline->{closure:{closure:Illuminate\\Pipeline\\Pipeline::carry():158}:159}()
#37 /var/www/html/laravel10/cavely-stable/vendor/laravel/framework/src/Illuminate/Pipeline/Pipeline.php(183): Illuminate\\Foundation\\Http\\Middleware\\ValidatePostSize->handle()
#38 /var/www/html/laravel10/cavely-stable/vendor/laravel/framework/src/Illuminate/Foundation/Http/Middleware/PreventRequestsDuringMaintenance.php(99): Illuminate\\Pipeline\\Pipeline->{closure:{closure:Illuminate\\Pipeline\\Pipeline::carry():158}:159}()
#39 /var/www/html/laravel10/cavely-stable/vendor/laravel/framework/src/Illuminate/Pipeline/Pipeline.php(183): Illuminate\\Foundation\\Http\\Middleware\\PreventRequestsDuringMaintenance->handle()
#40 /var/www/html/laravel10/cavely-stable/vendor/laravel/framework/src/Illuminate/Http/Middleware/HandleCors.php(49): Illuminate\\Pipeline\\Pipeline->{closure:{closure:Illuminate\\Pipeline\\Pipeline::carry():158}:159}()
#41 /var/www/html/laravel10/cavely-stable/vendor/laravel/framework/src/Illuminate/Pipeline/Pipeline.php(183): Illuminate\\Http\\Middleware\\HandleCors->handle()
#42 /var/www/html/laravel10/cavely-stable/vendor/laravel/framework/src/Illuminate/Http/Middleware/TrustProxies.php(39): Illuminate\\Pipeline\\Pipeline->{closure:{closure:Illuminate\\Pipeline\\Pipeline::carry():158}:159}()
#43 /var/www/html/laravel10/cavely-stable/vendor/laravel/framework/src/Illuminate/Pipeline/Pipeline.php(183): Illuminate\\Http\\Middleware\\TrustProxies->handle()
#44 /var/www/html/laravel10/cavely-stable/vendor/laravel/framework/src/Illuminate/Pipeline/Pipeline.php(119): Illuminate\\Pipeline\\Pipeline->{closure:{closure:Illuminate\\Pipeline\\Pipeline::carry():158}:159}()
#45 /var/www/html/laravel10/cavely-stable/vendor/laravel/framework/src/Illuminate/Foundation/Http/Kernel.php(175): Illuminate\\Pipeline\\Pipeline->then()
#46 /var/www/html/laravel10/cavely-stable/vendor/laravel/framework/src/Illuminate/Foundation/Http/Kernel.php(144): Illuminate\\Foundation\\Http\\Kernel->sendRequestThroughRouter()
#47 /var/www/html/laravel10/cavely-stable/public/index.php(51): Illuminate\\Foundation\\Http\\Kernel->handle()
#48 /var/www/html/laravel10/cavely-stable/vendor/laravel/framework/src/Illuminate/Foundation/resources/server.php(16): require_once('...')
#49 {main}
"} 
